X,idv,iv,dv,exp
1,1,typisch,499,Estes_colleagues_RT
2,1,typisch,526,Estes_colleagues_RT
3,1,typisch,575,Estes_colleagues_RT
4,1,typisch,638,Estes_colleagues_RT
6,1,typisch,685,Estes_colleagues_RT
7,1,typisch,671,Estes_colleagues_RT
8,1,typisch,607,Estes_colleagues_RT
9,1,typisch,571,Estes_colleagues_RT
10,1,typisch,732,Estes_colleagues_RT
11,1,typisch,525,Estes_colleagues_RT
12,1,typisch,707,Estes_colleagues_RT
13,1,typisch,519,Estes_colleagues_RT
14,1,typisch,730,Estes_colleagues_RT
15,1,untypisch,672,Estes_colleagues_RT
16,1,untypisch,462,Estes_colleagues_RT
17,1,untypisch,411,Estes_colleagues_RT
18,1,untypisch,591,Estes_colleagues_RT
19,1,untypisch,804,Estes_colleagues_RT
20,1,untypisch,936,Estes_colleagues_RT
21,1,untypisch,646,Estes_colleagues_RT
22,1,untypisch,526,Estes_colleagues_RT
23,1,untypisch,745,Estes_colleagues_RT
24,1,untypisch,464,Estes_colleagues_RT
25,1,untypisch,665,Estes_colleagues_RT
26,1,untypisch,441,Estes_colleagues_RT
27,1,untypisch,496,Estes_colleagues_RT
28,1,untypisch,462,Estes_colleagues_RT
29,1,untypisch,397,Estes_colleagues_RT
30,1,untypisch,574,Estes_colleagues_RT
31,1,untypisch,488,Estes_colleagues_RT
32,1,untypisch,566,Estes_colleagues_RT
33,1,untypisch,690,Estes_colleagues_RT
34,1,untypisch,575,Estes_colleagues_RT
35,1,untypisch,603,Estes_colleagues_RT
36,1,untypisch,400,Estes_colleagues_RT
38,1,untypisch,650,Estes_colleagues_RT
39,1,untypisch,520,Estes_colleagues_RT
41,1,untypisch,520,Estes_colleagues_RT
42,1,untypisch,912,Estes_colleagues_RT
43,1,untypisch,492,Estes_colleagues_RT
44,1,untypisch,489,Estes_colleagues_RT
45,1,typisch,659,Estes_colleagues_RT
46,1,typisch,594,Estes_colleagues_RT
47,1,typisch,400,Estes_colleagues_RT
48,1,typisch,469,Estes_colleagues_RT
49,1,typisch,409,Estes_colleagues_RT
50,1,typisch,703,Estes_colleagues_RT
51,1,typisch,473,Estes_colleagues_RT
52,1,typisch,563,Estes_colleagues_RT
53,1,typisch,513,Estes_colleagues_RT
54,1,typisch,586,Estes_colleagues_RT
55,1,typisch,429,Estes_colleagues_RT
56,1,typisch,769,Estes_colleagues_RT
57,1,typisch,428,Estes_colleagues_RT
58,1,typisch,735,Estes_colleagues_RT
59,1,typisch,649,Estes_colleagues_RT
60,1,typisch,467,Estes_colleagues_RT
61,2,typisch,449,Estes_colleagues_RT
62,2,typisch,651,Estes_colleagues_RT
63,2,typisch,696,Estes_colleagues_RT
64,2,typisch,469,Estes_colleagues_RT
65,2,typisch,818,Estes_colleagues_RT
66,2,typisch,619,Estes_colleagues_RT
67,2,typisch,531,Estes_colleagues_RT
68,2,typisch,516,Estes_colleagues_RT
69,2,typisch,650,Estes_colleagues_RT
70,2,typisch,447,Estes_colleagues_RT
71,2,typisch,567,Estes_colleagues_RT
72,2,typisch,487,Estes_colleagues_RT
73,2,typisch,686,Estes_colleagues_RT
74,2,typisch,594,Estes_colleagues_RT
75,2,untypisch,386,Estes_colleagues_RT
76,2,untypisch,471,Estes_colleagues_RT
77,2,untypisch,500,Estes_colleagues_RT
78,2,untypisch,433,Estes_colleagues_RT
79,2,untypisch,595,Estes_colleagues_RT
80,2,untypisch,471,Estes_colleagues_RT
81,2,untypisch,639,Estes_colleagues_RT
82,2,untypisch,425,Estes_colleagues_RT
83,2,untypisch,471,Estes_colleagues_RT
84,2,untypisch,483,Estes_colleagues_RT
85,2,untypisch,479,Estes_colleagues_RT
86,2,untypisch,621,Estes_colleagues_RT
87,2,untypisch,563,Estes_colleagues_RT
88,2,untypisch,422,Estes_colleagues_RT
89,2,untypisch,453,Estes_colleagues_RT
90,2,untypisch,448,Estes_colleagues_RT
91,2,untypisch,523,Estes_colleagues_RT
92,2,untypisch,421,Estes_colleagues_RT
93,2,untypisch,534,Estes_colleagues_RT
94,2,untypisch,466,Estes_colleagues_RT
95,2,untypisch,571,Estes_colleagues_RT
96,2,untypisch,649,Estes_colleagues_RT
97,2,untypisch,561,Estes_colleagues_RT
98,2,untypisch,601,Estes_colleagues_RT
99,2,untypisch,562,Estes_colleagues_RT
101,2,untypisch,639,Estes_colleagues_RT
102,2,untypisch,585,Estes_colleagues_RT
103,2,untypisch,496,Estes_colleagues_RT
104,2,untypisch,520,Estes_colleagues_RT
105,2,typisch,532,Estes_colleagues_RT
106,2,typisch,561,Estes_colleagues_RT
107,2,typisch,405,Estes_colleagues_RT
108,2,typisch,479,Estes_colleagues_RT
109,2,typisch,434,Estes_colleagues_RT
110,2,typisch,542,Estes_colleagues_RT
111,2,typisch,636,Estes_colleagues_RT
112,2,typisch,954,Estes_colleagues_RT
113,2,typisch,437,Estes_colleagues_RT
114,2,typisch,943,Estes_colleagues_RT
115,2,typisch,400,Estes_colleagues_RT
116,2,typisch,449,Estes_colleagues_RT
117,2,typisch,518,Estes_colleagues_RT
118,2,typisch,420,Estes_colleagues_RT
119,2,typisch,505,Estes_colleagues_RT
120,2,typisch,607,Estes_colleagues_RT
121,3,typisch,407,Estes_colleagues_RT
122,3,typisch,446,Estes_colleagues_RT
123,3,typisch,513,Estes_colleagues_RT
124,3,typisch,291,Estes_colleagues_RT
125,3,typisch,450,Estes_colleagues_RT
126,3,typisch,390,Estes_colleagues_RT
127,3,typisch,442,Estes_colleagues_RT
128,3,typisch,405,Estes_colleagues_RT
129,3,typisch,468,Estes_colleagues_RT
130,3,typisch,435,Estes_colleagues_RT
131,3,typisch,383,Estes_colleagues_RT
132,3,typisch,367,Estes_colleagues_RT
133,3,typisch,469,Estes_colleagues_RT
134,3,typisch,364,Estes_colleagues_RT
135,3,untypisch,478,Estes_colleagues_RT
136,3,untypisch,470,Estes_colleagues_RT
137,3,untypisch,456,Estes_colleagues_RT
138,3,untypisch,480,Estes_colleagues_RT
139,3,untypisch,423,Estes_colleagues_RT
140,3,untypisch,448,Estes_colleagues_RT
141,3,untypisch,487,Estes_colleagues_RT
142,3,untypisch,413,Estes_colleagues_RT
143,3,untypisch,344,Estes_colleagues_RT
144,3,untypisch,556,Estes_colleagues_RT
145,3,untypisch,389,Estes_colleagues_RT
146,3,untypisch,341,Estes_colleagues_RT
147,3,untypisch,375,Estes_colleagues_RT
148,3,untypisch,418,Estes_colleagues_RT
149,3,untypisch,414,Estes_colleagues_RT
150,3,untypisch,476,Estes_colleagues_RT
151,3,untypisch,493,Estes_colleagues_RT
152,3,untypisch,380,Estes_colleagues_RT
153,3,untypisch,473,Estes_colleagues_RT
154,3,untypisch,342,Estes_colleagues_RT
155,3,untypisch,363,Estes_colleagues_RT
156,3,untypisch,465,Estes_colleagues_RT
157,3,untypisch,382,Estes_colleagues_RT
158,3,untypisch,393,Estes_colleagues_RT
159,3,untypisch,518,Estes_colleagues_RT
160,3,untypisch,553,Estes_colleagues_RT
161,3,untypisch,558,Estes_colleagues_RT
162,3,untypisch,481,Estes_colleagues_RT
163,3,untypisch,391,Estes_colleagues_RT
164,3,untypisch,471,Estes_colleagues_RT
165,3,typisch,413,Estes_colleagues_RT
166,3,typisch,392,Estes_colleagues_RT
167,3,typisch,380,Estes_colleagues_RT
168,3,typisch,378,Estes_colleagues_RT
169,3,typisch,453,Estes_colleagues_RT
170,3,typisch,462,Estes_colleagues_RT
171,3,typisch,406,Estes_colleagues_RT
172,3,typisch,456,Estes_colleagues_RT
173,3,typisch,390,Estes_colleagues_RT
174,3,typisch,383,Estes_colleagues_RT
175,3,typisch,499,Estes_colleagues_RT
176,3,typisch,528,Estes_colleagues_RT
177,3,typisch,409,Estes_colleagues_RT
178,3,typisch,446,Estes_colleagues_RT
179,3,typisch,426,Estes_colleagues_RT
180,3,typisch,456,Estes_colleagues_RT
181,4,typisch,373,Estes_colleagues_RT
182,4,typisch,634,Estes_colleagues_RT
183,4,typisch,449,Estes_colleagues_RT
184,4,typisch,691,Estes_colleagues_RT
185,4,typisch,408,Estes_colleagues_RT
186,4,typisch,458,Estes_colleagues_RT
187,4,typisch,635,Estes_colleagues_RT
188,4,typisch,650,Estes_colleagues_RT
189,4,typisch,518,Estes_colleagues_RT
190,4,typisch,438,Estes_colleagues_RT
191,4,typisch,472,Estes_colleagues_RT
192,4,typisch,559,Estes_colleagues_RT
193,4,typisch,462,Estes_colleagues_RT
194,4,typisch,521,Estes_colleagues_RT
195,4,untypisch,400,Estes_colleagues_RT
196,4,untypisch,573,Estes_colleagues_RT
197,4,untypisch,523,Estes_colleagues_RT
198,4,untypisch,541,Estes_colleagues_RT
199,4,untypisch,448,Estes_colleagues_RT
200,4,untypisch,651,Estes_colleagues_RT
201,4,untypisch,503,Estes_colleagues_RT
202,4,untypisch,607,Estes_colleagues_RT
203,4,untypisch,546,Estes_colleagues_RT
204,4,untypisch,867,Estes_colleagues_RT
205,4,untypisch,574,Estes_colleagues_RT
206,4,untypisch,524,Estes_colleagues_RT
207,4,untypisch,574,Estes_colleagues_RT
208,4,untypisch,521,Estes_colleagues_RT
209,4,untypisch,577,Estes_colleagues_RT
210,4,untypisch,515,Estes_colleagues_RT
211,4,untypisch,627,Estes_colleagues_RT
212,4,untypisch,816,Estes_colleagues_RT
213,4,untypisch,551,Estes_colleagues_RT
214,4,untypisch,589,Estes_colleagues_RT
215,4,untypisch,517,Estes_colleagues_RT
216,4,untypisch,547,Estes_colleagues_RT
217,4,untypisch,716,Estes_colleagues_RT
218,4,untypisch,455,Estes_colleagues_RT
219,4,untypisch,665,Estes_colleagues_RT
220,4,untypisch,589,Estes_colleagues_RT
221,4,untypisch,599,Estes_colleagues_RT
222,4,untypisch,584,Estes_colleagues_RT
223,4,untypisch,478,Estes_colleagues_RT
224,4,untypisch,610,Estes_colleagues_RT
225,4,typisch,482,Estes_colleagues_RT
226,4,typisch,464,Estes_colleagues_RT
227,4,typisch,628,Estes_colleagues_RT
228,4,typisch,509,Estes_colleagues_RT
229,4,typisch,550,Estes_colleagues_RT
230,4,typisch,577,Estes_colleagues_RT
231,4,typisch,393,Estes_colleagues_RT
232,4,typisch,420,Estes_colleagues_RT
233,4,typisch,441,Estes_colleagues_RT
234,4,typisch,342,Estes_colleagues_RT
235,4,typisch,482,Estes_colleagues_RT
236,4,typisch,449,Estes_colleagues_RT
237,4,typisch,491,Estes_colleagues_RT
238,4,typisch,568,Estes_colleagues_RT
239,4,typisch,588,Estes_colleagues_RT
240,4,typisch,454,Estes_colleagues_RT
241,5,typisch,491,Estes_colleagues_RT
242,5,typisch,581,Estes_colleagues_RT
243,5,typisch,496,Estes_colleagues_RT
244,5,typisch,566,Estes_colleagues_RT
245,5,typisch,527,Estes_colleagues_RT
246,5,typisch,475,Estes_colleagues_RT
247,5,typisch,545,Estes_colleagues_RT
248,5,typisch,594,Estes_colleagues_RT
249,5,typisch,538,Estes_colleagues_RT
250,5,typisch,623,Estes_colleagues_RT
251,5,typisch,701,Estes_colleagues_RT
252,5,typisch,572,Estes_colleagues_RT
253,5,typisch,504,Estes_colleagues_RT
254,5,typisch,551,Estes_colleagues_RT
255,5,untypisch,606,Estes_colleagues_RT
256,5,untypisch,379,Estes_colleagues_RT
257,5,untypisch,500,Estes_colleagues_RT
258,5,untypisch,481,Estes_colleagues_RT
259,5,untypisch,579,Estes_colleagues_RT
260,5,untypisch,494,Estes_colleagues_RT
261,5,untypisch,349,Estes_colleagues_RT
262,5,untypisch,476,Estes_colleagues_RT
263,5,untypisch,538,Estes_colleagues_RT
264,5,untypisch,486,Estes_colleagues_RT
265,5,untypisch,646,Estes_colleagues_RT
266,5,untypisch,509,Estes_colleagues_RT
267,5,untypisch,551,Estes_colleagues_RT
268,5,untypisch,512,Estes_colleagues_RT
269,5,untypisch,471,Estes_colleagues_RT
270,5,untypisch,480,Estes_colleagues_RT
271,5,untypisch,583,Estes_colleagues_RT
272,5,untypisch,630,Estes_colleagues_RT
273,5,untypisch,496,Estes_colleagues_RT
274,5,untypisch,456,Estes_colleagues_RT
275,5,untypisch,501,Estes_colleagues_RT
276,5,untypisch,525,Estes_colleagues_RT
277,5,untypisch,498,Estes_colleagues_RT
278,5,untypisch,542,Estes_colleagues_RT
279,5,untypisch,635,Estes_colleagues_RT
280,5,untypisch,511,Estes_colleagues_RT
281,5,untypisch,656,Estes_colleagues_RT
282,5,untypisch,573,Estes_colleagues_RT
283,5,untypisch,510,Estes_colleagues_RT
284,5,untypisch,424,Estes_colleagues_RT
285,5,typisch,787,Estes_colleagues_RT
286,5,typisch,422,Estes_colleagues_RT
287,5,typisch,463,Estes_colleagues_RT
288,5,typisch,575,Estes_colleagues_RT
289,5,typisch,474,Estes_colleagues_RT
290,5,typisch,403,Estes_colleagues_RT
291,5,typisch,464,Estes_colleagues_RT
292,5,typisch,606,Estes_colleagues_RT
293,5,typisch,402,Estes_colleagues_RT
294,5,typisch,370,Estes_colleagues_RT
295,5,typisch,601,Estes_colleagues_RT
296,5,typisch,562,Estes_colleagues_RT
297,5,typisch,487,Estes_colleagues_RT
298,5,typisch,473,Estes_colleagues_RT
299,5,typisch,530,Estes_colleagues_RT
300,5,typisch,490,Estes_colleagues_RT
301,6,typisch,383,Estes_colleagues_RT
302,6,typisch,423,Estes_colleagues_RT
303,6,typisch,338,Estes_colleagues_RT
304,6,typisch,420,Estes_colleagues_RT
305,6,typisch,429,Estes_colleagues_RT
306,6,typisch,431,Estes_colleagues_RT
307,6,typisch,386,Estes_colleagues_RT
308,6,typisch,297,Estes_colleagues_RT
309,6,typisch,421,Estes_colleagues_RT
310,6,typisch,499,Estes_colleagues_RT
311,6,typisch,404,Estes_colleagues_RT
312,6,typisch,318,Estes_colleagues_RT
313,6,typisch,559,Estes_colleagues_RT
314,6,typisch,392,Estes_colleagues_RT
315,6,untypisch,379,Estes_colleagues_RT
316,6,untypisch,479,Estes_colleagues_RT
317,6,untypisch,429,Estes_colleagues_RT
318,6,untypisch,343,Estes_colleagues_RT
319,6,untypisch,581,Estes_colleagues_RT
320,6,untypisch,319,Estes_colleagues_RT
321,6,untypisch,393,Estes_colleagues_RT
322,6,untypisch,411,Estes_colleagues_RT
323,6,untypisch,423,Estes_colleagues_RT
324,6,untypisch,342,Estes_colleagues_RT
325,6,untypisch,421,Estes_colleagues_RT
326,6,untypisch,396,Estes_colleagues_RT
327,6,untypisch,440,Estes_colleagues_RT
328,6,untypisch,381,Estes_colleagues_RT
329,6,untypisch,335,Estes_colleagues_RT
330,6,untypisch,369,Estes_colleagues_RT
331,6,untypisch,437,Estes_colleagues_RT
332,6,untypisch,352,Estes_colleagues_RT
333,6,untypisch,493,Estes_colleagues_RT
334,6,untypisch,369,Estes_colleagues_RT
335,6,untypisch,341,Estes_colleagues_RT
336,6,untypisch,368,Estes_colleagues_RT
337,6,untypisch,430,Estes_colleagues_RT
338,6,untypisch,364,Estes_colleagues_RT
339,6,untypisch,472,Estes_colleagues_RT
340,6,untypisch,413,Estes_colleagues_RT
341,6,untypisch,446,Estes_colleagues_RT
342,6,untypisch,341,Estes_colleagues_RT
343,6,untypisch,403,Estes_colleagues_RT
344,6,untypisch,435,Estes_colleagues_RT
345,6,typisch,288,Estes_colleagues_RT
346,6,typisch,366,Estes_colleagues_RT
347,6,typisch,363,Estes_colleagues_RT
348,6,typisch,399,Estes_colleagues_RT
349,6,typisch,372,Estes_colleagues_RT
350,6,typisch,347,Estes_colleagues_RT
351,6,typisch,349,Estes_colleagues_RT
352,6,typisch,369,Estes_colleagues_RT
353,6,typisch,282,Estes_colleagues_RT
354,6,typisch,356,Estes_colleagues_RT
355,6,typisch,489,Estes_colleagues_RT
356,6,typisch,379,Estes_colleagues_RT
357,6,typisch,369,Estes_colleagues_RT
358,6,typisch,330,Estes_colleagues_RT
359,6,typisch,360,Estes_colleagues_RT
360,6,typisch,352,Estes_colleagues_RT
361,7,typisch,710,Estes_colleagues_RT
362,7,typisch,454,Estes_colleagues_RT
363,7,typisch,508,Estes_colleagues_RT
364,7,typisch,427,Estes_colleagues_RT
365,7,typisch,540,Estes_colleagues_RT
366,7,typisch,496,Estes_colleagues_RT
367,7,typisch,417,Estes_colleagues_RT
368,7,typisch,783,Estes_colleagues_RT
369,7,typisch,364,Estes_colleagues_RT
370,7,typisch,565,Estes_colleagues_RT
371,7,typisch,444,Estes_colleagues_RT
372,7,typisch,597,Estes_colleagues_RT
373,7,typisch,454,Estes_colleagues_RT
374,7,typisch,457,Estes_colleagues_RT
375,7,untypisch,366,Estes_colleagues_RT
376,7,untypisch,386,Estes_colleagues_RT
377,7,untypisch,625,Estes_colleagues_RT
378,7,untypisch,539,Estes_colleagues_RT
379,7,untypisch,779,Estes_colleagues_RT
380,7,untypisch,688,Estes_colleagues_RT
381,7,untypisch,615,Estes_colleagues_RT
382,7,untypisch,427,Estes_colleagues_RT
383,7,untypisch,539,Estes_colleagues_RT
384,7,untypisch,444,Estes_colleagues_RT
385,7,untypisch,677,Estes_colleagues_RT
386,7,untypisch,411,Estes_colleagues_RT
387,7,untypisch,560,Estes_colleagues_RT
388,7,untypisch,526,Estes_colleagues_RT
389,7,untypisch,444,Estes_colleagues_RT
390,7,untypisch,481,Estes_colleagues_RT
391,7,untypisch,652,Estes_colleagues_RT
392,7,untypisch,577,Estes_colleagues_RT
393,7,untypisch,352,Estes_colleagues_RT
394,7,untypisch,487,Estes_colleagues_RT
395,7,untypisch,572,Estes_colleagues_RT
396,7,untypisch,388,Estes_colleagues_RT
397,7,untypisch,561,Estes_colleagues_RT
398,7,untypisch,515,Estes_colleagues_RT
399,7,untypisch,733,Estes_colleagues_RT
400,7,untypisch,510,Estes_colleagues_RT
401,7,untypisch,478,Estes_colleagues_RT
402,7,untypisch,605,Estes_colleagues_RT
403,7,untypisch,526,Estes_colleagues_RT
404,7,untypisch,460,Estes_colleagues_RT
405,7,typisch,468,Estes_colleagues_RT
406,7,typisch,490,Estes_colleagues_RT
407,7,typisch,380,Estes_colleagues_RT
408,7,typisch,634,Estes_colleagues_RT
409,7,typisch,716,Estes_colleagues_RT
410,7,typisch,718,Estes_colleagues_RT
411,7,typisch,529,Estes_colleagues_RT
412,7,typisch,537,Estes_colleagues_RT
413,7,typisch,522,Estes_colleagues_RT
414,7,typisch,922,Estes_colleagues_RT
415,7,typisch,507,Estes_colleagues_RT
416,7,typisch,356,Estes_colleagues_RT
417,7,typisch,421,Estes_colleagues_RT
418,7,typisch,612,Estes_colleagues_RT
419,7,typisch,506,Estes_colleagues_RT
420,7,typisch,512,Estes_colleagues_RT
421,8,typisch,403,Estes_colleagues_RT
422,8,typisch,358,Estes_colleagues_RT
423,8,typisch,298,Estes_colleagues_RT
424,8,typisch,338,Estes_colleagues_RT
425,8,typisch,386,Estes_colleagues_RT
426,8,typisch,374,Estes_colleagues_RT
427,8,typisch,448,Estes_colleagues_RT
428,8,typisch,489,Estes_colleagues_RT
429,8,typisch,460,Estes_colleagues_RT
430,8,typisch,389,Estes_colleagues_RT
431,8,typisch,475,Estes_colleagues_RT
432,8,typisch,438,Estes_colleagues_RT
433,8,typisch,549,Estes_colleagues_RT
434,8,typisch,503,Estes_colleagues_RT
435,8,untypisch,558,Estes_colleagues_RT
436,8,untypisch,329,Estes_colleagues_RT
437,8,untypisch,497,Estes_colleagues_RT
438,8,untypisch,471,Estes_colleagues_RT
439,8,untypisch,507,Estes_colleagues_RT
440,8,untypisch,451,Estes_colleagues_RT
441,8,untypisch,322,Estes_colleagues_RT
442,8,untypisch,326,Estes_colleagues_RT
443,8,untypisch,465,Estes_colleagues_RT
444,8,untypisch,397,Estes_colleagues_RT
445,8,untypisch,427,Estes_colleagues_RT
446,8,untypisch,443,Estes_colleagues_RT
447,8,untypisch,383,Estes_colleagues_RT
448,8,untypisch,458,Estes_colleagues_RT
449,8,untypisch,397,Estes_colleagues_RT
450,8,untypisch,330,Estes_colleagues_RT
451,8,untypisch,482,Estes_colleagues_RT
452,8,untypisch,400,Estes_colleagues_RT
453,8,untypisch,426,Estes_colleagues_RT
454,8,untypisch,456,Estes_colleagues_RT
455,8,untypisch,478,Estes_colleagues_RT
456,8,untypisch,444,Estes_colleagues_RT
457,8,untypisch,555,Estes_colleagues_RT
458,8,untypisch,517,Estes_colleagues_RT
459,8,untypisch,448,Estes_colleagues_RT
460,8,untypisch,461,Estes_colleagues_RT
461,8,untypisch,444,Estes_colleagues_RT
462,8,untypisch,479,Estes_colleagues_RT
463,8,untypisch,445,Estes_colleagues_RT
464,8,untypisch,470,Estes_colleagues_RT
465,8,typisch,351,Estes_colleagues_RT
466,8,typisch,402,Estes_colleagues_RT
467,8,typisch,432,Estes_colleagues_RT
468,8,typisch,426,Estes_colleagues_RT
469,8,typisch,386,Estes_colleagues_RT
470,8,typisch,453,Estes_colleagues_RT
471,8,typisch,370,Estes_colleagues_RT
472,8,typisch,449,Estes_colleagues_RT
473,8,typisch,350,Estes_colleagues_RT
474,8,typisch,409,Estes_colleagues_RT
475,8,typisch,459,Estes_colleagues_RT
476,8,typisch,395,Estes_colleagues_RT
477,8,typisch,419,Estes_colleagues_RT
478,8,typisch,378,Estes_colleagues_RT
479,8,typisch,502,Estes_colleagues_RT
480,8,typisch,442,Estes_colleagues_RT
481,9,typisch,492,Estes_colleagues_RT
482,9,typisch,530,Estes_colleagues_RT
483,9,typisch,815,Estes_colleagues_RT
484,9,typisch,569,Estes_colleagues_RT
485,9,typisch,787,Estes_colleagues_RT
486,9,typisch,488,Estes_colleagues_RT
487,9,typisch,705,Estes_colleagues_RT
488,9,typisch,589,Estes_colleagues_RT
489,9,typisch,479,Estes_colleagues_RT
490,9,typisch,388,Estes_colleagues_RT
491,9,typisch,604,Estes_colleagues_RT
492,9,typisch,414,Estes_colleagues_RT
493,9,typisch,459,Estes_colleagues_RT
494,9,typisch,749,Estes_colleagues_RT
495,9,untypisch,507,Estes_colleagues_RT
496,9,untypisch,518,Estes_colleagues_RT
497,9,untypisch,498,Estes_colleagues_RT
498,9,untypisch,606,Estes_colleagues_RT
499,9,untypisch,706,Estes_colleagues_RT
500,9,untypisch,786,Estes_colleagues_RT
501,9,untypisch,458,Estes_colleagues_RT
502,9,untypisch,416,Estes_colleagues_RT
503,9,untypisch,670,Estes_colleagues_RT
504,9,untypisch,517,Estes_colleagues_RT
505,9,untypisch,689,Estes_colleagues_RT
506,9,untypisch,502,Estes_colleagues_RT
507,9,untypisch,533,Estes_colleagues_RT
508,9,untypisch,648,Estes_colleagues_RT
509,9,untypisch,412,Estes_colleagues_RT
510,9,untypisch,614,Estes_colleagues_RT
511,9,untypisch,493,Estes_colleagues_RT
512,9,untypisch,466,Estes_colleagues_RT
513,9,untypisch,663,Estes_colleagues_RT
514,9,untypisch,741,Estes_colleagues_RT
515,9,untypisch,628,Estes_colleagues_RT
516,9,untypisch,701,Estes_colleagues_RT
517,9,untypisch,613,Estes_colleagues_RT
518,9,untypisch,564,Estes_colleagues_RT
519,9,untypisch,597,Estes_colleagues_RT
520,9,untypisch,512,Estes_colleagues_RT
521,9,untypisch,918,Estes_colleagues_RT
522,9,untypisch,758,Estes_colleagues_RT
523,9,untypisch,650,Estes_colleagues_RT
524,9,untypisch,544,Estes_colleagues_RT
525,9,typisch,541,Estes_colleagues_RT
526,9,typisch,476,Estes_colleagues_RT
527,9,typisch,645,Estes_colleagues_RT
528,9,typisch,450,Estes_colleagues_RT
529,9,typisch,643,Estes_colleagues_RT
530,9,typisch,625,Estes_colleagues_RT
531,9,typisch,682,Estes_colleagues_RT
532,9,typisch,736,Estes_colleagues_RT
533,9,typisch,611,Estes_colleagues_RT
534,9,typisch,531,Estes_colleagues_RT
535,9,typisch,641,Estes_colleagues_RT
536,9,typisch,671,Estes_colleagues_RT
537,9,typisch,544,Estes_colleagues_RT
538,9,typisch,527,Estes_colleagues_RT
539,9,typisch,415,Estes_colleagues_RT
540,9,typisch,505,Estes_colleagues_RT
541,10,typisch,489,Estes_colleagues_RT
542,10,typisch,426,Estes_colleagues_RT
543,10,typisch,459,Estes_colleagues_RT
544,10,typisch,354,Estes_colleagues_RT
545,10,typisch,674,Estes_colleagues_RT
546,10,typisch,481,Estes_colleagues_RT
547,10,typisch,489,Estes_colleagues_RT
548,10,typisch,367,Estes_colleagues_RT
549,10,typisch,264,Estes_colleagues_RT
550,10,typisch,389,Estes_colleagues_RT
551,10,typisch,376,Estes_colleagues_RT
552,10,typisch,427,Estes_colleagues_RT
553,10,typisch,479,Estes_colleagues_RT
554,10,typisch,342,Estes_colleagues_RT
555,10,untypisch,319,Estes_colleagues_RT
556,10,untypisch,372,Estes_colleagues_RT
557,10,untypisch,322,Estes_colleagues_RT
558,10,untypisch,347,Estes_colleagues_RT
559,10,untypisch,536,Estes_colleagues_RT
560,10,untypisch,326,Estes_colleagues_RT
561,10,untypisch,432,Estes_colleagues_RT
562,10,untypisch,331,Estes_colleagues_RT
563,10,untypisch,466,Estes_colleagues_RT
564,10,untypisch,403,Estes_colleagues_RT
565,10,untypisch,394,Estes_colleagues_RT
566,10,untypisch,361,Estes_colleagues_RT
567,10,untypisch,369,Estes_colleagues_RT
568,10,untypisch,387,Estes_colleagues_RT
569,10,untypisch,344,Estes_colleagues_RT
570,10,untypisch,283,Estes_colleagues_RT
571,10,untypisch,391,Estes_colleagues_RT
572,10,untypisch,347,Estes_colleagues_RT
573,10,untypisch,339,Estes_colleagues_RT
574,10,untypisch,542,Estes_colleagues_RT
575,10,untypisch,385,Estes_colleagues_RT
576,10,untypisch,365,Estes_colleagues_RT
577,10,untypisch,375,Estes_colleagues_RT
578,10,untypisch,427,Estes_colleagues_RT
579,10,untypisch,543,Estes_colleagues_RT
580,10,untypisch,409,Estes_colleagues_RT
581,10,untypisch,377,Estes_colleagues_RT
582,10,untypisch,416,Estes_colleagues_RT
583,10,untypisch,410,Estes_colleagues_RT
584,10,untypisch,485,Estes_colleagues_RT
585,10,typisch,424,Estes_colleagues_RT
586,10,typisch,372,Estes_colleagues_RT
587,10,typisch,481,Estes_colleagues_RT
588,10,typisch,385,Estes_colleagues_RT
589,10,typisch,363,Estes_colleagues_RT
590,10,typisch,505,Estes_colleagues_RT
591,10,typisch,349,Estes_colleagues_RT
592,10,typisch,371,Estes_colleagues_RT
593,10,typisch,373,Estes_colleagues_RT
594,10,typisch,397,Estes_colleagues_RT
595,10,typisch,349,Estes_colleagues_RT
596,10,typisch,313,Estes_colleagues_RT
597,10,typisch,351,Estes_colleagues_RT
598,10,typisch,367,Estes_colleagues_RT
599,10,typisch,391,Estes_colleagues_RT
600,10,typisch,492,Estes_colleagues_RT
601,11,typisch,405,Estes_colleagues_RT
602,11,typisch,391,Estes_colleagues_RT
603,11,typisch,394,Estes_colleagues_RT
604,11,typisch,506,Estes_colleagues_RT
605,11,typisch,402,Estes_colleagues_RT
606,11,typisch,490,Estes_colleagues_RT
607,11,typisch,324,Estes_colleagues_RT
608,11,typisch,319,Estes_colleagues_RT
609,11,typisch,444,Estes_colleagues_RT
610,11,typisch,460,Estes_colleagues_RT
611,11,typisch,500,Estes_colleagues_RT
612,11,typisch,366,Estes_colleagues_RT
613,11,typisch,479,Estes_colleagues_RT
614,11,typisch,422,Estes_colleagues_RT
615,11,untypisch,312,Estes_colleagues_RT
616,11,untypisch,436,Estes_colleagues_RT
617,11,untypisch,546,Estes_colleagues_RT
618,11,untypisch,423,Estes_colleagues_RT
619,11,untypisch,424,Estes_colleagues_RT
620,11,untypisch,424,Estes_colleagues_RT
621,11,untypisch,432,Estes_colleagues_RT
622,11,untypisch,379,Estes_colleagues_RT
623,11,untypisch,398,Estes_colleagues_RT
624,11,untypisch,476,Estes_colleagues_RT
625,11,untypisch,355,Estes_colleagues_RT
626,11,untypisch,480,Estes_colleagues_RT
627,11,untypisch,461,Estes_colleagues_RT
628,11,untypisch,497,Estes_colleagues_RT
629,11,untypisch,345,Estes_colleagues_RT
630,11,untypisch,442,Estes_colleagues_RT
631,11,untypisch,527,Estes_colleagues_RT
632,11,untypisch,638,Estes_colleagues_RT
633,11,untypisch,361,Estes_colleagues_RT
634,11,untypisch,411,Estes_colleagues_RT
635,11,untypisch,531,Estes_colleagues_RT
636,11,untypisch,547,Estes_colleagues_RT
637,11,untypisch,441,Estes_colleagues_RT
638,11,untypisch,557,Estes_colleagues_RT
639,11,untypisch,426,Estes_colleagues_RT
640,11,untypisch,410,Estes_colleagues_RT
641,11,untypisch,566,Estes_colleagues_RT
642,11,untypisch,356,Estes_colleagues_RT
643,11,untypisch,463,Estes_colleagues_RT
644,11,untypisch,523,Estes_colleagues_RT
645,11,typisch,466,Estes_colleagues_RT
646,11,typisch,380,Estes_colleagues_RT
647,11,typisch,351,Estes_colleagues_RT
648,11,typisch,391,Estes_colleagues_RT
649,11,typisch,463,Estes_colleagues_RT
650,11,typisch,435,Estes_colleagues_RT
651,11,typisch,470,Estes_colleagues_RT
652,11,typisch,483,Estes_colleagues_RT
653,11,typisch,365,Estes_colleagues_RT
654,11,typisch,349,Estes_colleagues_RT
655,11,typisch,372,Estes_colleagues_RT
656,11,typisch,429,Estes_colleagues_RT
657,11,typisch,437,Estes_colleagues_RT
658,11,typisch,365,Estes_colleagues_RT
659,11,typisch,305,Estes_colleagues_RT
660,11,typisch,374,Estes_colleagues_RT
661,12,typisch,447,Estes_colleagues_RT
662,12,typisch,486,Estes_colleagues_RT
663,12,typisch,442,Estes_colleagues_RT
664,12,typisch,616,Estes_colleagues_RT
665,12,typisch,454,Estes_colleagues_RT
666,12,typisch,590,Estes_colleagues_RT
667,12,typisch,524,Estes_colleagues_RT
668,12,typisch,464,Estes_colleagues_RT
669,12,typisch,423,Estes_colleagues_RT
670,12,typisch,459,Estes_colleagues_RT
671,12,typisch,680,Estes_colleagues_RT
672,12,typisch,500,Estes_colleagues_RT
673,12,typisch,521,Estes_colleagues_RT
674,12,typisch,624,Estes_colleagues_RT
675,12,untypisch,542,Estes_colleagues_RT
676,12,untypisch,437,Estes_colleagues_RT
677,12,untypisch,491,Estes_colleagues_RT
678,12,untypisch,326,Estes_colleagues_RT
679,12,untypisch,581,Estes_colleagues_RT
680,12,untypisch,373,Estes_colleagues_RT
681,12,untypisch,565,Estes_colleagues_RT
682,12,untypisch,544,Estes_colleagues_RT
683,12,untypisch,382,Estes_colleagues_RT
684,12,untypisch,351,Estes_colleagues_RT
685,12,untypisch,470,Estes_colleagues_RT
686,12,untypisch,435,Estes_colleagues_RT
687,12,untypisch,512,Estes_colleagues_RT
688,12,untypisch,435,Estes_colleagues_RT
689,12,untypisch,399,Estes_colleagues_RT
690,12,untypisch,472,Estes_colleagues_RT
691,12,untypisch,496,Estes_colleagues_RT
692,12,untypisch,491,Estes_colleagues_RT
693,12,untypisch,661,Estes_colleagues_RT
694,12,untypisch,585,Estes_colleagues_RT
695,12,untypisch,438,Estes_colleagues_RT
696,12,untypisch,551,Estes_colleagues_RT
697,12,untypisch,559,Estes_colleagues_RT
698,12,untypisch,520,Estes_colleagues_RT
699,12,untypisch,473,Estes_colleagues_RT
700,12,untypisch,357,Estes_colleagues_RT
701,12,untypisch,474,Estes_colleagues_RT
702,12,untypisch,487,Estes_colleagues_RT
703,12,untypisch,467,Estes_colleagues_RT
704,12,untypisch,464,Estes_colleagues_RT
705,12,typisch,542,Estes_colleagues_RT
706,12,typisch,683,Estes_colleagues_RT
707,12,typisch,398,Estes_colleagues_RT
708,12,typisch,604,Estes_colleagues_RT
709,12,typisch,372,Estes_colleagues_RT
710,12,typisch,441,Estes_colleagues_RT
711,12,typisch,784,Estes_colleagues_RT
712,12,typisch,476,Estes_colleagues_RT
713,12,typisch,381,Estes_colleagues_RT
714,12,typisch,439,Estes_colleagues_RT
715,12,typisch,522,Estes_colleagues_RT
716,12,typisch,335,Estes_colleagues_RT
717,12,typisch,365,Estes_colleagues_RT
718,12,typisch,392,Estes_colleagues_RT
719,12,typisch,450,Estes_colleagues_RT
720,12,typisch,376,Estes_colleagues_RT
721,13,typisch,634,Estes_colleagues_RT
722,13,typisch,548,Estes_colleagues_RT
723,13,typisch,432,Estes_colleagues_RT
724,13,typisch,463,Estes_colleagues_RT
725,13,typisch,442,Estes_colleagues_RT
726,13,typisch,513,Estes_colleagues_RT
727,13,typisch,428,Estes_colleagues_RT
728,13,typisch,520,Estes_colleagues_RT
729,13,typisch,485,Estes_colleagues_RT
730,13,typisch,694,Estes_colleagues_RT
731,13,typisch,459,Estes_colleagues_RT
732,13,typisch,526,Estes_colleagues_RT
733,13,typisch,495,Estes_colleagues_RT
734,13,typisch,549,Estes_colleagues_RT
735,13,untypisch,413,Estes_colleagues_RT
736,13,untypisch,485,Estes_colleagues_RT
737,13,untypisch,600,Estes_colleagues_RT
738,13,untypisch,402,Estes_colleagues_RT
739,13,untypisch,412,Estes_colleagues_RT
740,13,untypisch,358,Estes_colleagues_RT
741,13,untypisch,527,Estes_colleagues_RT
742,13,untypisch,577,Estes_colleagues_RT
743,13,untypisch,507,Estes_colleagues_RT
744,13,untypisch,519,Estes_colleagues_RT
745,13,untypisch,387,Estes_colleagues_RT
746,13,untypisch,548,Estes_colleagues_RT
747,13,untypisch,414,Estes_colleagues_RT
748,13,untypisch,418,Estes_colleagues_RT
749,13,untypisch,446,Estes_colleagues_RT
750,13,untypisch,334,Estes_colleagues_RT
751,13,untypisch,411,Estes_colleagues_RT
752,13,untypisch,548,Estes_colleagues_RT
753,13,untypisch,499,Estes_colleagues_RT
754,13,untypisch,438,Estes_colleagues_RT
755,13,untypisch,434,Estes_colleagues_RT
756,13,untypisch,574,Estes_colleagues_RT
757,13,untypisch,455,Estes_colleagues_RT
758,13,untypisch,675,Estes_colleagues_RT
759,13,untypisch,417,Estes_colleagues_RT
760,13,untypisch,524,Estes_colleagues_RT
761,13,untypisch,556,Estes_colleagues_RT
762,13,untypisch,483,Estes_colleagues_RT
763,13,untypisch,566,Estes_colleagues_RT
764,13,untypisch,440,Estes_colleagues_RT
765,13,typisch,459,Estes_colleagues_RT
766,13,typisch,596,Estes_colleagues_RT
767,13,typisch,375,Estes_colleagues_RT
768,13,typisch,525,Estes_colleagues_RT
769,13,typisch,439,Estes_colleagues_RT
770,13,typisch,413,Estes_colleagues_RT
771,13,typisch,374,Estes_colleagues_RT
772,13,typisch,376,Estes_colleagues_RT
773,13,typisch,549,Estes_colleagues_RT
774,13,typisch,476,Estes_colleagues_RT
775,13,typisch,359,Estes_colleagues_RT
776,13,typisch,487,Estes_colleagues_RT
777,13,typisch,419,Estes_colleagues_RT
778,13,typisch,389,Estes_colleagues_RT
779,13,typisch,606,Estes_colleagues_RT
780,13,typisch,401,Estes_colleagues_RT
781,14,typisch,631,Estes_colleagues_RT
782,14,typisch,530,Estes_colleagues_RT
783,14,typisch,504,Estes_colleagues_RT
784,14,typisch,567,Estes_colleagues_RT
785,14,typisch,467,Estes_colleagues_RT
786,14,typisch,417,Estes_colleagues_RT
787,14,typisch,531,Estes_colleagues_RT
788,14,typisch,476,Estes_colleagues_RT
789,14,typisch,469,Estes_colleagues_RT
790,14,typisch,330,Estes_colleagues_RT
791,14,typisch,523,Estes_colleagues_RT
792,14,typisch,380,Estes_colleagues_RT
793,14,typisch,606,Estes_colleagues_RT
794,14,typisch,426,Estes_colleagues_RT
795,14,untypisch,559,Estes_colleagues_RT
796,14,untypisch,506,Estes_colleagues_RT
797,14,untypisch,423,Estes_colleagues_RT
798,14,untypisch,429,Estes_colleagues_RT
799,14,untypisch,345,Estes_colleagues_RT
800,14,untypisch,432,Estes_colleagues_RT
801,14,untypisch,493,Estes_colleagues_RT
802,14,untypisch,478,Estes_colleagues_RT
803,14,untypisch,485,Estes_colleagues_RT
804,14,untypisch,481,Estes_colleagues_RT
805,14,untypisch,449,Estes_colleagues_RT
806,14,untypisch,395,Estes_colleagues_RT
807,14,untypisch,471,Estes_colleagues_RT
808,14,untypisch,384,Estes_colleagues_RT
809,14,untypisch,496,Estes_colleagues_RT
810,14,untypisch,442,Estes_colleagues_RT
811,14,untypisch,520,Estes_colleagues_RT
812,14,untypisch,580,Estes_colleagues_RT
813,14,untypisch,402,Estes_colleagues_RT
814,14,untypisch,522,Estes_colleagues_RT
815,14,untypisch,421,Estes_colleagues_RT
816,14,untypisch,461,Estes_colleagues_RT
817,14,untypisch,500,Estes_colleagues_RT
818,14,untypisch,596,Estes_colleagues_RT
819,14,untypisch,392,Estes_colleagues_RT
820,14,untypisch,562,Estes_colleagues_RT
821,14,untypisch,388,Estes_colleagues_RT
822,14,untypisch,642,Estes_colleagues_RT
823,14,untypisch,459,Estes_colleagues_RT
824,14,untypisch,489,Estes_colleagues_RT
825,14,typisch,390,Estes_colleagues_RT
826,14,typisch,465,Estes_colleagues_RT
827,14,typisch,395,Estes_colleagues_RT
828,14,typisch,440,Estes_colleagues_RT
829,14,typisch,435,Estes_colleagues_RT
830,14,typisch,471,Estes_colleagues_RT
831,14,typisch,433,Estes_colleagues_RT
832,14,typisch,382,Estes_colleagues_RT
833,14,typisch,362,Estes_colleagues_RT
834,14,typisch,431,Estes_colleagues_RT
835,14,typisch,330,Estes_colleagues_RT
836,14,typisch,440,Estes_colleagues_RT
837,14,typisch,358,Estes_colleagues_RT
838,14,typisch,378,Estes_colleagues_RT
839,14,typisch,341,Estes_colleagues_RT
840,14,typisch,578,Estes_colleagues_RT
841,101,typisch,549,Estes_colleagues_RT
842,101,typisch,557,Estes_colleagues_RT
843,101,typisch,595,Estes_colleagues_RT
844,101,typisch,786,Estes_colleagues_RT
845,101,typisch,624,Estes_colleagues_RT
846,101,typisch,577,Estes_colleagues_RT
847,101,typisch,778,Estes_colleagues_RT
848,101,typisch,429,Estes_colleagues_RT
849,101,typisch,581,Estes_colleagues_RT
850,101,typisch,571,Estes_colleagues_RT
851,101,typisch,588,Estes_colleagues_RT
852,101,typisch,586,Estes_colleagues_RT
853,101,typisch,496,Estes_colleagues_RT
854,101,typisch,667,Estes_colleagues_RT
855,101,untypisch,514,Estes_colleagues_RT
856,101,untypisch,862,Estes_colleagues_RT
857,101,untypisch,523,Estes_colleagues_RT
858,101,untypisch,609,Estes_colleagues_RT
859,101,untypisch,456,Estes_colleagues_RT
861,101,untypisch,526,Estes_colleagues_RT
862,101,untypisch,410,Estes_colleagues_RT
863,101,untypisch,527,Estes_colleagues_RT
864,101,untypisch,633,Estes_colleagues_RT
865,101,untypisch,492,Estes_colleagues_RT
866,101,untypisch,603,Estes_colleagues_RT
867,101,untypisch,516,Estes_colleagues_RT
868,101,untypisch,566,Estes_colleagues_RT
869,101,untypisch,512,Estes_colleagues_RT
870,101,untypisch,625,Estes_colleagues_RT
871,101,untypisch,622,Estes_colleagues_RT
872,101,untypisch,429,Estes_colleagues_RT
873,101,untypisch,541,Estes_colleagues_RT
874,101,untypisch,507,Estes_colleagues_RT
875,101,untypisch,682,Estes_colleagues_RT
876,101,untypisch,560,Estes_colleagues_RT
877,101,untypisch,444,Estes_colleagues_RT
878,101,untypisch,474,Estes_colleagues_RT
879,101,untypisch,542,Estes_colleagues_RT
880,101,untypisch,588,Estes_colleagues_RT
881,101,untypisch,425,Estes_colleagues_RT
882,101,untypisch,593,Estes_colleagues_RT
883,101,untypisch,641,Estes_colleagues_RT
884,101,untypisch,616,Estes_colleagues_RT
885,101,typisch,601,Estes_colleagues_RT
886,101,typisch,567,Estes_colleagues_RT
887,101,typisch,920,Estes_colleagues_RT
888,101,typisch,447,Estes_colleagues_RT
889,101,typisch,538,Estes_colleagues_RT
890,101,typisch,554,Estes_colleagues_RT
891,101,typisch,595,Estes_colleagues_RT
892,101,typisch,531,Estes_colleagues_RT
893,101,typisch,452,Estes_colleagues_RT
894,101,typisch,594,Estes_colleagues_RT
895,101,typisch,770,Estes_colleagues_RT
896,101,typisch,531,Estes_colleagues_RT
897,101,typisch,698,Estes_colleagues_RT
898,101,typisch,506,Estes_colleagues_RT
899,101,typisch,623,Estes_colleagues_RT
900,101,typisch,839,Estes_colleagues_RT
901,102,typisch,705,Estes_colleagues_RT
902,102,typisch,453,Estes_colleagues_RT
903,102,typisch,486,Estes_colleagues_RT
904,102,typisch,496,Estes_colleagues_RT
905,102,typisch,413,Estes_colleagues_RT
906,102,typisch,447,Estes_colleagues_RT
907,102,typisch,360,Estes_colleagues_RT
908,102,typisch,444,Estes_colleagues_RT
909,102,typisch,465,Estes_colleagues_RT
910,102,typisch,469,Estes_colleagues_RT
911,102,typisch,536,Estes_colleagues_RT
912,102,typisch,419,Estes_colleagues_RT
913,102,typisch,444,Estes_colleagues_RT
914,102,typisch,492,Estes_colleagues_RT
915,102,untypisch,323,Estes_colleagues_RT
916,102,untypisch,375,Estes_colleagues_RT
917,102,untypisch,374,Estes_colleagues_RT
918,102,untypisch,372,Estes_colleagues_RT
919,102,untypisch,372,Estes_colleagues_RT
920,102,untypisch,438,Estes_colleagues_RT
921,102,untypisch,423,Estes_colleagues_RT
922,102,untypisch,375,Estes_colleagues_RT
923,102,untypisch,380,Estes_colleagues_RT
924,102,untypisch,381,Estes_colleagues_RT
925,102,untypisch,409,Estes_colleagues_RT
926,102,untypisch,313,Estes_colleagues_RT
927,102,untypisch,335,Estes_colleagues_RT
928,102,untypisch,308,Estes_colleagues_RT
929,102,untypisch,315,Estes_colleagues_RT
930,102,untypisch,424,Estes_colleagues_RT
931,102,untypisch,379,Estes_colleagues_RT
932,102,untypisch,460,Estes_colleagues_RT
933,102,untypisch,445,Estes_colleagues_RT
934,102,untypisch,387,Estes_colleagues_RT
935,102,untypisch,419,Estes_colleagues_RT
936,102,untypisch,342,Estes_colleagues_RT
937,102,untypisch,412,Estes_colleagues_RT
938,102,untypisch,528,Estes_colleagues_RT
939,102,untypisch,521,Estes_colleagues_RT
940,102,untypisch,456,Estes_colleagues_RT
941,102,untypisch,468,Estes_colleagues_RT
942,102,untypisch,455,Estes_colleagues_RT
943,102,untypisch,402,Estes_colleagues_RT
944,102,untypisch,359,Estes_colleagues_RT
945,102,typisch,425,Estes_colleagues_RT
946,102,typisch,352,Estes_colleagues_RT
947,102,typisch,370,Estes_colleagues_RT
948,102,typisch,334,Estes_colleagues_RT
949,102,typisch,386,Estes_colleagues_RT
950,102,typisch,541,Estes_colleagues_RT
951,102,typisch,389,Estes_colleagues_RT
952,102,typisch,332,Estes_colleagues_RT
953,102,typisch,399,Estes_colleagues_RT
954,102,typisch,444,Estes_colleagues_RT
955,102,typisch,454,Estes_colleagues_RT
956,102,typisch,453,Estes_colleagues_RT
957,102,typisch,376,Estes_colleagues_RT
958,102,typisch,440,Estes_colleagues_RT
959,102,typisch,350,Estes_colleagues_RT
960,102,typisch,437,Estes_colleagues_RT
961,103,typisch,451,Estes_colleagues_RT
962,103,typisch,561,Estes_colleagues_RT
963,103,typisch,417,Estes_colleagues_RT
964,103,typisch,387,Estes_colleagues_RT
965,103,typisch,656,Estes_colleagues_RT
966,103,typisch,393,Estes_colleagues_RT
967,103,typisch,540,Estes_colleagues_RT
968,103,typisch,549,Estes_colleagues_RT
969,103,typisch,400,Estes_colleagues_RT
970,103,typisch,528,Estes_colleagues_RT
971,103,typisch,689,Estes_colleagues_RT
972,103,typisch,578,Estes_colleagues_RT
973,103,typisch,382,Estes_colleagues_RT
974,103,typisch,532,Estes_colleagues_RT
975,103,untypisch,582,Estes_colleagues_RT
976,103,untypisch,399,Estes_colleagues_RT
977,103,untypisch,500,Estes_colleagues_RT
978,103,untypisch,468,Estes_colleagues_RT
979,103,untypisch,585,Estes_colleagues_RT
980,103,untypisch,680,Estes_colleagues_RT
981,103,untypisch,433,Estes_colleagues_RT
982,103,untypisch,494,Estes_colleagues_RT
983,103,untypisch,527,Estes_colleagues_RT
984,103,untypisch,455,Estes_colleagues_RT
985,103,untypisch,447,Estes_colleagues_RT
986,103,untypisch,318,Estes_colleagues_RT
987,103,untypisch,480,Estes_colleagues_RT
988,103,untypisch,519,Estes_colleagues_RT
989,103,untypisch,394,Estes_colleagues_RT
990,103,untypisch,430,Estes_colleagues_RT
991,103,untypisch,485,Estes_colleagues_RT
992,103,untypisch,415,Estes_colleagues_RT
993,103,untypisch,551,Estes_colleagues_RT
994,103,untypisch,389,Estes_colleagues_RT
995,103,untypisch,467,Estes_colleagues_RT
996,103,untypisch,908,Estes_colleagues_RT
997,103,untypisch,614,Estes_colleagues_RT
998,103,untypisch,335,Estes_colleagues_RT
999,103,untypisch,595,Estes_colleagues_RT
1000,103,untypisch,565,Estes_colleagues_RT
1001,103,untypisch,380,Estes_colleagues_RT
1002,103,untypisch,481,Estes_colleagues_RT
1003,103,untypisch,617,Estes_colleagues_RT
1004,103,untypisch,458,Estes_colleagues_RT
1005,103,typisch,354,Estes_colleagues_RT
1006,103,typisch,501,Estes_colleagues_RT
1007,103,typisch,514,Estes_colleagues_RT
1008,103,typisch,467,Estes_colleagues_RT
1009,103,typisch,497,Estes_colleagues_RT
1010,103,typisch,610,Estes_colleagues_RT
1011,103,typisch,490,Estes_colleagues_RT
1012,103,typisch,421,Estes_colleagues_RT
1013,103,typisch,434,Estes_colleagues_RT
1014,103,typisch,397,Estes_colleagues_RT
1015,103,typisch,463,Estes_colleagues_RT
1016,103,typisch,494,Estes_colleagues_RT
1017,103,typisch,449,Estes_colleagues_RT
1018,103,typisch,446,Estes_colleagues_RT
1019,103,typisch,484,Estes_colleagues_RT
1020,103,typisch,387,Estes_colleagues_RT
1021,104,typisch,486,Estes_colleagues_RT
1022,104,typisch,547,Estes_colleagues_RT
1023,104,typisch,543,Estes_colleagues_RT
1024,104,typisch,580,Estes_colleagues_RT
1025,104,typisch,544,Estes_colleagues_RT
1026,104,typisch,474,Estes_colleagues_RT
1027,104,typisch,584,Estes_colleagues_RT
1028,104,typisch,644,Estes_colleagues_RT
1029,104,typisch,570,Estes_colleagues_RT
1030,104,typisch,582,Estes_colleagues_RT
1031,104,typisch,503,Estes_colleagues_RT
1032,104,typisch,582,Estes_colleagues_RT
1033,104,typisch,638,Estes_colleagues_RT
1034,104,typisch,453,Estes_colleagues_RT
1035,104,untypisch,447,Estes_colleagues_RT
1036,104,untypisch,417,Estes_colleagues_RT
1037,104,untypisch,673,Estes_colleagues_RT
1038,104,untypisch,399,Estes_colleagues_RT
1039,104,untypisch,510,Estes_colleagues_RT
1040,104,untypisch,342,Estes_colleagues_RT
1041,104,untypisch,516,Estes_colleagues_RT
1042,104,untypisch,357,Estes_colleagues_RT
1043,104,untypisch,525,Estes_colleagues_RT
1044,104,untypisch,439,Estes_colleagues_RT
1045,104,untypisch,433,Estes_colleagues_RT
1046,104,untypisch,484,Estes_colleagues_RT
1047,104,untypisch,481,Estes_colleagues_RT
1048,104,untypisch,404,Estes_colleagues_RT
1049,104,untypisch,513,Estes_colleagues_RT
1050,104,untypisch,449,Estes_colleagues_RT
1051,104,untypisch,593,Estes_colleagues_RT
1052,104,untypisch,424,Estes_colleagues_RT
1053,104,untypisch,494,Estes_colleagues_RT
1054,104,untypisch,561,Estes_colleagues_RT
1055,104,untypisch,534,Estes_colleagues_RT
1056,104,untypisch,608,Estes_colleagues_RT
1057,104,untypisch,578,Estes_colleagues_RT
1058,104,untypisch,531,Estes_colleagues_RT
1059,104,untypisch,472,Estes_colleagues_RT
1060,104,untypisch,664,Estes_colleagues_RT
1061,104,untypisch,430,Estes_colleagues_RT
1062,104,untypisch,527,Estes_colleagues_RT
1063,104,untypisch,528,Estes_colleagues_RT
1064,104,untypisch,461,Estes_colleagues_RT
1065,104,typisch,437,Estes_colleagues_RT
1066,104,typisch,513,Estes_colleagues_RT
1067,104,typisch,477,Estes_colleagues_RT
1068,104,typisch,501,Estes_colleagues_RT
1069,104,typisch,463,Estes_colleagues_RT
1070,104,typisch,386,Estes_colleagues_RT
1071,104,typisch,491,Estes_colleagues_RT
1072,104,typisch,616,Estes_colleagues_RT
1073,104,typisch,472,Estes_colleagues_RT
1074,104,typisch,493,Estes_colleagues_RT
1075,104,typisch,419,Estes_colleagues_RT
1076,104,typisch,422,Estes_colleagues_RT
1077,104,typisch,479,Estes_colleagues_RT
1078,104,typisch,381,Estes_colleagues_RT
1079,104,typisch,377,Estes_colleagues_RT
1080,104,typisch,543,Estes_colleagues_RT
1081,110,typisch,862,Estes_colleagues_RT
1083,110,typisch,573,Estes_colleagues_RT
1084,110,typisch,537,Estes_colleagues_RT
1085,110,typisch,627,Estes_colleagues_RT
1086,110,typisch,416,Estes_colleagues_RT
1087,110,typisch,549,Estes_colleagues_RT
1088,110,typisch,642,Estes_colleagues_RT
1089,110,typisch,664,Estes_colleagues_RT
1090,110,typisch,393,Estes_colleagues_RT
1092,110,typisch,368,Estes_colleagues_RT
1093,110,typisch,584,Estes_colleagues_RT
1094,110,typisch,493,Estes_colleagues_RT
1095,110,untypisch,590,Estes_colleagues_RT
1096,110,untypisch,494,Estes_colleagues_RT
1097,110,untypisch,554,Estes_colleagues_RT
1098,110,untypisch,422,Estes_colleagues_RT
1099,110,untypisch,439,Estes_colleagues_RT
1100,110,untypisch,495,Estes_colleagues_RT
1101,110,untypisch,614,Estes_colleagues_RT
1102,110,untypisch,427,Estes_colleagues_RT
1103,110,untypisch,498,Estes_colleagues_RT
1104,110,untypisch,629,Estes_colleagues_RT
1105,110,untypisch,504,Estes_colleagues_RT
1106,110,untypisch,404,Estes_colleagues_RT
1107,110,untypisch,446,Estes_colleagues_RT
1108,110,untypisch,422,Estes_colleagues_RT
1109,110,untypisch,495,Estes_colleagues_RT
1110,110,untypisch,553,Estes_colleagues_RT
1111,110,untypisch,395,Estes_colleagues_RT
1112,110,untypisch,596,Estes_colleagues_RT
1113,110,untypisch,567,Estes_colleagues_RT
1114,110,untypisch,604,Estes_colleagues_RT
1115,110,untypisch,649,Estes_colleagues_RT
1116,110,untypisch,794,Estes_colleagues_RT
1117,110,untypisch,594,Estes_colleagues_RT
1118,110,untypisch,545,Estes_colleagues_RT
1119,110,untypisch,584,Estes_colleagues_RT
1120,110,untypisch,553,Estes_colleagues_RT
1121,110,untypisch,478,Estes_colleagues_RT
1122,110,untypisch,548,Estes_colleagues_RT
1123,110,untypisch,468,Estes_colleagues_RT
1124,110,untypisch,500,Estes_colleagues_RT
1125,110,typisch,751,Estes_colleagues_RT
1126,110,typisch,483,Estes_colleagues_RT
1127,110,typisch,434,Estes_colleagues_RT
1128,110,typisch,513,Estes_colleagues_RT
1129,110,typisch,420,Estes_colleagues_RT
1130,110,typisch,355,Estes_colleagues_RT
1131,110,typisch,532,Estes_colleagues_RT
1132,110,typisch,529,Estes_colleagues_RT
1133,110,typisch,470,Estes_colleagues_RT
1134,110,typisch,658,Estes_colleagues_RT
1135,110,typisch,373,Estes_colleagues_RT
1136,110,typisch,484,Estes_colleagues_RT
1137,110,typisch,493,Estes_colleagues_RT
1138,110,typisch,366,Estes_colleagues_RT
1139,110,typisch,426,Estes_colleagues_RT
1140,110,typisch,379,Estes_colleagues_RT
1141,111,typisch,670,Estes_colleagues_RT
1142,111,typisch,505,Estes_colleagues_RT
1143,111,typisch,615,Estes_colleagues_RT
1144,111,typisch,596,Estes_colleagues_RT
1145,111,typisch,582,Estes_colleagues_RT
1146,111,typisch,592,Estes_colleagues_RT
1147,111,typisch,555,Estes_colleagues_RT
1148,111,typisch,534,Estes_colleagues_RT
1149,111,typisch,607,Estes_colleagues_RT
1150,111,typisch,530,Estes_colleagues_RT
1151,111,typisch,576,Estes_colleagues_RT
1152,111,typisch,651,Estes_colleagues_RT
1153,111,typisch,539,Estes_colleagues_RT
1154,111,typisch,682,Estes_colleagues_RT
1155,111,untypisch,595,Estes_colleagues_RT
1156,111,untypisch,491,Estes_colleagues_RT
1157,111,untypisch,490,Estes_colleagues_RT
1158,111,untypisch,413,Estes_colleagues_RT
1160,111,untypisch,568,Estes_colleagues_RT
1161,111,untypisch,460,Estes_colleagues_RT
1162,111,untypisch,586,Estes_colleagues_RT
1163,111,untypisch,414,Estes_colleagues_RT
1164,111,untypisch,529,Estes_colleagues_RT
1165,111,untypisch,326,Estes_colleagues_RT
1166,111,untypisch,511,Estes_colleagues_RT
1167,111,untypisch,511,Estes_colleagues_RT
1168,111,untypisch,627,Estes_colleagues_RT
1169,111,untypisch,576,Estes_colleagues_RT
1170,111,untypisch,417,Estes_colleagues_RT
1171,111,untypisch,400,Estes_colleagues_RT
1172,111,untypisch,552,Estes_colleagues_RT
1173,111,untypisch,414,Estes_colleagues_RT
1174,111,untypisch,661,Estes_colleagues_RT
1175,111,untypisch,647,Estes_colleagues_RT
1176,111,untypisch,567,Estes_colleagues_RT
1177,111,untypisch,724,Estes_colleagues_RT
1178,111,untypisch,373,Estes_colleagues_RT
1179,111,untypisch,511,Estes_colleagues_RT
1180,111,untypisch,595,Estes_colleagues_RT
1181,111,untypisch,560,Estes_colleagues_RT
1182,111,untypisch,545,Estes_colleagues_RT
1183,111,untypisch,454,Estes_colleagues_RT
1184,111,untypisch,768,Estes_colleagues_RT
1185,111,typisch,505,Estes_colleagues_RT
1186,111,typisch,541,Estes_colleagues_RT
1187,111,typisch,425,Estes_colleagues_RT
1188,111,typisch,472,Estes_colleagues_RT
1189,111,typisch,445,Estes_colleagues_RT
1190,111,typisch,523,Estes_colleagues_RT
1191,111,typisch,434,Estes_colleagues_RT
1192,111,typisch,371,Estes_colleagues_RT
1193,111,typisch,495,Estes_colleagues_RT
1194,111,typisch,531,Estes_colleagues_RT
1195,111,typisch,426,Estes_colleagues_RT
1196,111,typisch,508,Estes_colleagues_RT
1197,111,typisch,519,Estes_colleagues_RT
1198,111,typisch,503,Estes_colleagues_RT
1199,111,typisch,397,Estes_colleagues_RT
1200,111,typisch,379,Estes_colleagues_RT
1201,112,typisch,663,Estes_colleagues_RT
1202,112,typisch,715,Estes_colleagues_RT
1203,112,typisch,812,Estes_colleagues_RT
1204,112,typisch,503,Estes_colleagues_RT
1205,112,typisch,629,Estes_colleagues_RT
1206,112,typisch,533,Estes_colleagues_RT
1207,112,typisch,786,Estes_colleagues_RT
1208,112,typisch,711,Estes_colleagues_RT
1209,112,typisch,553,Estes_colleagues_RT
1210,112,typisch,919,Estes_colleagues_RT
1211,112,typisch,806,Estes_colleagues_RT
1212,112,typisch,715,Estes_colleagues_RT
1213,112,typisch,762,Estes_colleagues_RT
1214,112,typisch,799,Estes_colleagues_RT
1215,112,untypisch,969,Estes_colleagues_RT
1216,112,untypisch,493,Estes_colleagues_RT
1217,112,untypisch,750,Estes_colleagues_RT
1218,112,untypisch,695,Estes_colleagues_RT
1219,112,untypisch,427,Estes_colleagues_RT
1220,112,untypisch,327,Estes_colleagues_RT
1221,112,untypisch,680,Estes_colleagues_RT
1223,112,untypisch,541,Estes_colleagues_RT
1224,112,untypisch,336,Estes_colleagues_RT
1225,112,untypisch,526,Estes_colleagues_RT
1226,112,untypisch,654,Estes_colleagues_RT
1228,112,untypisch,600,Estes_colleagues_RT
1230,112,untypisch,765,Estes_colleagues_RT
1231,112,untypisch,939,Estes_colleagues_RT
1232,112,untypisch,471,Estes_colleagues_RT
1233,112,untypisch,984,Estes_colleagues_RT
1234,112,untypisch,730,Estes_colleagues_RT
1235,112,untypisch,465,Estes_colleagues_RT
1236,112,untypisch,548,Estes_colleagues_RT
1237,112,untypisch,586,Estes_colleagues_RT
1238,112,untypisch,602,Estes_colleagues_RT
1239,112,untypisch,704,Estes_colleagues_RT
1240,112,untypisch,500,Estes_colleagues_RT
1241,112,untypisch,730,Estes_colleagues_RT
1243,112,untypisch,806,Estes_colleagues_RT
1244,112,untypisch,957,Estes_colleagues_RT
1245,112,typisch,430,Estes_colleagues_RT
1246,112,typisch,588,Estes_colleagues_RT
1248,112,typisch,675,Estes_colleagues_RT
1249,112,typisch,732,Estes_colleagues_RT
1250,112,typisch,819,Estes_colleagues_RT
1251,112,typisch,540,Estes_colleagues_RT
1252,112,typisch,553,Estes_colleagues_RT
1253,112,typisch,553,Estes_colleagues_RT
1254,112,typisch,635,Estes_colleagues_RT
1255,112,typisch,504,Estes_colleagues_RT
1256,112,typisch,680,Estes_colleagues_RT
1257,112,typisch,750,Estes_colleagues_RT
1258,112,typisch,781,Estes_colleagues_RT
1259,112,typisch,573,Estes_colleagues_RT
1260,112,typisch,844,Estes_colleagues_RT
1261,113,typisch,510,Estes_colleagues_RT
1262,113,typisch,504,Estes_colleagues_RT
1263,113,typisch,470,Estes_colleagues_RT
1264,113,typisch,466,Estes_colleagues_RT
1265,113,typisch,524,Estes_colleagues_RT
1266,113,typisch,439,Estes_colleagues_RT
1267,113,typisch,416,Estes_colleagues_RT
1268,113,typisch,337,Estes_colleagues_RT
1269,113,typisch,482,Estes_colleagues_RT
1270,113,typisch,489,Estes_colleagues_RT
1271,113,typisch,444,Estes_colleagues_RT
1272,113,typisch,430,Estes_colleagues_RT
1273,113,typisch,396,Estes_colleagues_RT
1274,113,typisch,578,Estes_colleagues_RT
1275,113,untypisch,385,Estes_colleagues_RT
1276,113,untypisch,430,Estes_colleagues_RT
1277,113,untypisch,449,Estes_colleagues_RT
1278,113,untypisch,376,Estes_colleagues_RT
1279,113,untypisch,387,Estes_colleagues_RT
1280,113,untypisch,408,Estes_colleagues_RT
1281,113,untypisch,341,Estes_colleagues_RT
1282,113,untypisch,360,Estes_colleagues_RT
1283,113,untypisch,457,Estes_colleagues_RT
1284,113,untypisch,424,Estes_colleagues_RT
1285,113,untypisch,359,Estes_colleagues_RT
1286,113,untypisch,386,Estes_colleagues_RT
1287,113,untypisch,482,Estes_colleagues_RT
1288,113,untypisch,452,Estes_colleagues_RT
1289,113,untypisch,415,Estes_colleagues_RT
1290,113,untypisch,497,Estes_colleagues_RT
1291,113,untypisch,432,Estes_colleagues_RT
1292,113,untypisch,602,Estes_colleagues_RT
1293,113,untypisch,408,Estes_colleagues_RT
1294,113,untypisch,466,Estes_colleagues_RT
1295,113,untypisch,558,Estes_colleagues_RT
1296,113,untypisch,454,Estes_colleagues_RT
1297,113,untypisch,467,Estes_colleagues_RT
1298,113,untypisch,397,Estes_colleagues_RT
1299,113,untypisch,372,Estes_colleagues_RT
1300,113,untypisch,439,Estes_colleagues_RT
1301,113,untypisch,479,Estes_colleagues_RT
1302,113,untypisch,387,Estes_colleagues_RT
1303,113,untypisch,408,Estes_colleagues_RT
1304,113,untypisch,432,Estes_colleagues_RT
1305,113,typisch,454,Estes_colleagues_RT
1306,113,typisch,415,Estes_colleagues_RT
1307,113,typisch,410,Estes_colleagues_RT
1308,113,typisch,571,Estes_colleagues_RT
1309,113,typisch,448,Estes_colleagues_RT
1310,113,typisch,684,Estes_colleagues_RT
1311,113,typisch,295,Estes_colleagues_RT
1312,113,typisch,390,Estes_colleagues_RT
1313,113,typisch,318,Estes_colleagues_RT
1314,113,typisch,523,Estes_colleagues_RT
1315,113,typisch,408,Estes_colleagues_RT
1316,113,typisch,397,Estes_colleagues_RT
1317,113,typisch,366,Estes_colleagues_RT
1318,113,typisch,445,Estes_colleagues_RT
1319,113,typisch,496,Estes_colleagues_RT
1320,113,typisch,413,Estes_colleagues_RT
