idv,iv,dv,exp
1 CM,unrel,632.4,Faivre et al._2014_2_cong
1 CM,unrel,1051,Faivre et al._2014_2_incong
1 CM,rel,822.8,Faivre et al._2014_2_incong
1 CM,rel,797.1,Faivre et al._2014_2_incong
1 CM,rel,635.4,Faivre et al._2014_2_incong
1 CM,unrel,662.5,Faivre et al._2014_2_cong
1 CM,unrel,642.5,Faivre et al._2014_2_incong
1 CM,rel,864,Faivre et al._2014_2_cong
1 CM,unrel,1449.2,Faivre et al._2014_2_incong
1 CM,unrel,568.9,Faivre et al._2014_2_cong
1 CM,rel,662.9,Faivre et al._2014_2_incong
1 CM,rel,764.1,Faivre et al._2014_2_incong
1 CM,unrel,774.2,Faivre et al._2014_2_cong
1 CM,rel,657.1,Faivre et al._2014_2_incong
1 CM,unrel,769.3,Faivre et al._2014_2_cong
1 CM,rel,846.5,Faivre et al._2014_2_incong
1 CM,unrel,776.2,Faivre et al._2014_2_incong
1 CM,unrel,755.9,Faivre et al._2014_2_cong
1 CM,rel,964,Faivre et al._2014_2_cong
1 CM,rel,642.8,Faivre et al._2014_2_incong
1 CM,unrel,709,Faivre et al._2014_2_cong
1 CM,unrel,702.4,Faivre et al._2014_2_incong
1 CM,unrel,649.3,Faivre et al._2014_2_cong
1 CM,unrel,491.8,Faivre et al._2014_2_cong
1 CM,unrel,580,Faivre et al._2014_2_incong
1 CM,rel,963.8,Faivre et al._2014_2_incong
1 CM,unrel,550.6,Faivre et al._2014_2_incong
1 CM,rel,608.2,Faivre et al._2014_2_cong
1 CM,unrel,606.1,Faivre et al._2014_2_incong
1 CM,rel,951.1,Faivre et al._2014_2_incong
1 CM,rel,824.5,Faivre et al._2014_2_cong
1 CM,rel,962.5,Faivre et al._2014_2_cong
1 CM,unrel,382.3,Faivre et al._2014_2_cong
1 CM,rel,1111.5,Faivre et al._2014_2_cong
1 CM,unrel,359.8,Faivre et al._2014_2_cong
1 CM,rel,474.7,Faivre et al._2014_2_cong
1 CM,rel,397.3,Faivre et al._2014_2_cong
1 CM,rel,401.5,Faivre et al._2014_2_cong
1 CM,unrel,498.3,Faivre et al._2014_2_incong
1 CM,rel,851.8,Faivre et al._2014_2_cong
1 CM,unrel,434.3,Faivre et al._2014_2_cong
1 CM,unrel,541.7,Faivre et al._2014_2_incong
1 CM,rel,424.9,Faivre et al._2014_2_incong
1 CM,rel,520.2,Faivre et al._2014_2_cong
1 CM,rel,489.4,Faivre et al._2014_2_cong
1 CM,rel,583.1,Faivre et al._2014_2_cong
1 CM,unrel,680.7,Faivre et al._2014_2_incong
1 CM,unrel,653.2,Faivre et al._2014_2_incong
1 CM,unrel,736,Faivre et al._2014_2_incong
1 CM,unrel,563.3,Faivre et al._2014_2_cong
1 CM,unrel,423.2,Faivre et al._2014_2_cong
1 CM,unrel,524.7,Faivre et al._2014_2_cong
1 CM,unrel,630.8,Faivre et al._2014_2_incong
1 CM,unrel,548.4,Faivre et al._2014_2_cong
1 CM,unrel,750.8,Faivre et al._2014_2_incong
1 CM,unrel,763.9,Faivre et al._2014_2_incong
1 CM,unrel,717.9,Faivre et al._2014_2_incong
1 CM,rel,578.6,Faivre et al._2014_2_cong
1 CM,rel,636.1,Faivre et al._2014_2_cong
1 CM,rel,604.7,Faivre et al._2014_2_incong
1 CM,rel,546,Faivre et al._2014_2_cong
1 CM,unrel,973,Faivre et al._2014_2_incong
1 CM,unrel,434.2,Faivre et al._2014_2_incong
1 CM,rel,963.6,Faivre et al._2014_2_incong
1 CM,unrel,654.5,Faivre et al._2014_2_incong
1 CM,unrel,1345.2,Faivre et al._2014_2_cong
1 CM,unrel,434.7,Faivre et al._2014_2_cong
1 CM,unrel,479.9,Faivre et al._2014_2_cong
1 CM,unrel,630.8,Faivre et al._2014_2_cong
1 CM,unrel,468.1,Faivre et al._2014_2_cong
1 CM,unrel,533.3,Faivre et al._2014_2_incong
1 CM,unrel,493.8,Faivre et al._2014_2_cong
1 CM,rel,559.4,Faivre et al._2014_2_incong
1 CM,rel,539.8,Faivre et al._2014_2_incong
1 CM,rel,481.2,Faivre et al._2014_2_incong
1 CM,rel,565.1,Faivre et al._2014_2_incong
1 CM,rel,460.6,Faivre et al._2014_2_cong
1 CM,rel,511.9,Faivre et al._2014_2_cong
1 CM,unrel,748.7,Faivre et al._2014_2_incong
1 CM,rel,532.1,Faivre et al._2014_2_cong
1 CM,rel,484.3,Faivre et al._2014_2_cong
1 CM,rel,558.2,Faivre et al._2014_2_incong
1 CM,rel,614.1,Faivre et al._2014_2_cong
1 CM,rel,383.9,Faivre et al._2014_2_cong
10 ds,rel,576.2,Faivre et al._2014_2_incong
10 ds,unrel,418.9,Faivre et al._2014_2_cong
10 ds,rel,392.5,Faivre et al._2014_2_cong
10 ds,rel,685.2,Faivre et al._2014_2_incong
10 ds,rel,1114.5,Faivre et al._2014_2_incong
10 ds,unrel,340.3,Faivre et al._2014_2_cong
10 ds,unrel,506.4,Faivre et al._2014_2_incong
10 ds,unrel,342.3,Faivre et al._2014_2_cong
10 ds,rel,435.3,Faivre et al._2014_2_incong
10 ds,rel,309,Faivre et al._2014_2_cong
10 ds,rel,1115,Faivre et al._2014_2_incong
10 ds,unrel,704.7,Faivre et al._2014_2_incong
10 ds,rel,609.8,Faivre et al._2014_2_cong
10 ds,rel,492.4,Faivre et al._2014_2_incong
10 ds,rel,681.5,Faivre et al._2014_2_incong
10 ds,unrel,796.3,Faivre et al._2014_2_incong
10 ds,unrel,466.5,Faivre et al._2014_2_cong
10 ds,unrel,621,Faivre et al._2014_2_cong
10 ds,rel,416.4,Faivre et al._2014_2_incong
10 ds,rel,505.2,Faivre et al._2014_2_incong
10 ds,unrel,475.2,Faivre et al._2014_2_cong
10 ds,rel,480.2,Faivre et al._2014_2_cong
10 ds,rel,394.8,Faivre et al._2014_2_cong
10 ds,unrel,690.2,Faivre et al._2014_2_incong
10 ds,unrel,483.3,Faivre et al._2014_2_incong
10 ds,unrel,483.1,Faivre et al._2014_2_incong
10 ds,rel,452.8,Faivre et al._2014_2_incong
10 ds,rel,323.2,Faivre et al._2014_2_cong
10 ds,unrel,890.8,Faivre et al._2014_2_incong
10 ds,unrel,541.9,Faivre et al._2014_2_incong
10 ds,unrel,570.4,Faivre et al._2014_2_incong
10 ds,unrel,380.6,Faivre et al._2014_2_cong
10 ds,unrel,454.4,Faivre et al._2014_2_incong
10 ds,rel,442.1,Faivre et al._2014_2_incong
10 ds,rel,480.6,Faivre et al._2014_2_cong
10 ds,unrel,447.2,Faivre et al._2014_2_incong
10 ds,rel,442.2,Faivre et al._2014_2_incong
10 ds,unrel,385.4,Faivre et al._2014_2_cong
10 ds,unrel,368.8,Faivre et al._2014_2_cong
10 ds,unrel,311,Faivre et al._2014_2_cong
10 ds,rel,731.6,Faivre et al._2014_2_incong
10 ds,unrel,673.4,Faivre et al._2014_2_incong
10 ds,rel,382.6,Faivre et al._2014_2_cong
10 ds,rel,406.1,Faivre et al._2014_2_cong
10 ds,unrel,646.2,Faivre et al._2014_2_incong
10 ds,rel,337.1,Faivre et al._2014_2_incong
10 ds,unrel,409,Faivre et al._2014_2_cong
10 ds,unrel,468.4,Faivre et al._2014_2_incong
10 ds,rel,439.9,Faivre et al._2014_2_cong
10 ds,rel,394.3,Faivre et al._2014_2_incong
10 ds,rel,596.1,Faivre et al._2014_2_incong
10 ds,rel,447.3,Faivre et al._2014_2_cong
10 ds,rel,492.9,Faivre et al._2014_2_incong
10 ds,unrel,663.4,Faivre et al._2014_2_incong
10 ds,rel,425.7,Faivre et al._2014_2_incong
10 ds,unrel,692.5,Faivre et al._2014_2_incong
10 ds,rel,528.3,Faivre et al._2014_2_cong
10 ds,rel,673.2,Faivre et al._2014_2_incong
10 ds,unrel,633.1,Faivre et al._2014_2_incong
10 ds,unrel,752.5,Faivre et al._2014_2_cong
10 ds,rel,932,Faivre et al._2014_2_incong
10 ds,rel,459.6,Faivre et al._2014_2_cong
10 ds,unrel,480.6,Faivre et al._2014_2_incong
10 ds,unrel,437.4,Faivre et al._2014_2_cong
10 ds,unrel,532.3,Faivre et al._2014_2_cong
10 ds,unrel,335.1,Faivre et al._2014_2_cong
10 ds,rel,411,Faivre et al._2014_2_cong
10 ds,rel,311,Faivre et al._2014_2_incong
10 ds,rel,366.2,Faivre et al._2014_2_cong
10 ds,rel,323.5,Faivre et al._2014_2_incong
10 ds,rel,432.6,Faivre et al._2014_2_cong
10 ds,rel,690.9,Faivre et al._2014_2_cong
10 ds,rel,379,Faivre et al._2014_2_incong
10 ds,rel,446.5,Faivre et al._2014_2_cong
10 ds,unrel,504.3,Faivre et al._2014_2_incong
10 ds,rel,445,Faivre et al._2014_2_incong
10 ds,rel,796.7,Faivre et al._2014_2_cong
10 ds,unrel,465.3,Faivre et al._2014_2_incong
10 ds,rel,380,Faivre et al._2014_2_incong
11 gi,rel,568.6,Faivre et al._2014_2_cong
11 gi,rel,690.2,Faivre et al._2014_2_cong
11 gi,unrel,559,Faivre et al._2014_2_incong
11 gi,unrel,368.1,Faivre et al._2014_2_cong
11 gi,unrel,511.5,Faivre et al._2014_2_cong
11 gi,unrel,694.5,Faivre et al._2014_2_incong
11 gi,unrel,417.7,Faivre et al._2014_2_cong
11 gi,unrel,464.3,Faivre et al._2014_2_incong
11 gi,rel,431.4,Faivre et al._2014_2_incong
11 gi,rel,399.6,Faivre et al._2014_2_incong
11 gi,rel,404.8,Faivre et al._2014_2_incong
11 gi,unrel,325,Faivre et al._2014_2_cong
11 gi,unrel,395.3,Faivre et al._2014_2_cong
11 gi,unrel,438.3,Faivre et al._2014_2_incong
11 gi,rel,341.9,Faivre et al._2014_2_cong
11 gi,unrel,310.8,Faivre et al._2014_2_cong
11 gi,unrel,388,Faivre et al._2014_2_incong
11 gi,rel,395.4,Faivre et al._2014_2_cong
11 gi,rel,392.8,Faivre et al._2014_2_cong
11 gi,rel,381,Faivre et al._2014_2_cong
11 gi,unrel,763,Faivre et al._2014_2_cong
11 gi,rel,325.6,Faivre et al._2014_2_cong
11 gi,unrel,471.6,Faivre et al._2014_2_cong
11 gi,unrel,627.4,Faivre et al._2014_2_incong
11 gi,rel,821.6,Faivre et al._2014_2_cong
11 gi,unrel,589,Faivre et al._2014_2_incong
11 gi,unrel,442,Faivre et al._2014_2_cong
11 gi,rel,751.7,Faivre et al._2014_2_incong
11 gi,rel,555.5,Faivre et al._2014_2_incong
11 gi,rel,603.6,Faivre et al._2014_2_incong
11 gi,rel,444.2,Faivre et al._2014_2_cong
11 gi,rel,665.3,Faivre et al._2014_2_cong
11 gi,unrel,554.7,Faivre et al._2014_2_cong
11 gi,rel,530.9,Faivre et al._2014_2_incong
11 gi,rel,492,Faivre et al._2014_2_incong
11 gi,rel,492.5,Faivre et al._2014_2_incong
11 gi,rel,382.6,Faivre et al._2014_2_cong
11 gi,rel,951.7,Faivre et al._2014_2_incong
11 gi,unrel,368.3,Faivre et al._2014_2_incong
11 gi,unrel,410.8,Faivre et al._2014_2_incong
11 gi,unrel,609,Faivre et al._2014_2_incong
11 gi,rel,638.4,Faivre et al._2014_2_cong
11 gi,rel,797,Faivre et al._2014_2_cong
11 gi,rel,735.7,Faivre et al._2014_2_incong
11 gi,rel,920.3,Faivre et al._2014_2_incong
11 gi,unrel,835.3,Faivre et al._2014_2_incong
11 gi,unrel,683.3,Faivre et al._2014_2_incong
11 gi,unrel,416.7,Faivre et al._2014_2_cong
11 gi,rel,655.9,Faivre et al._2014_2_incong
11 gi,rel,587.8,Faivre et al._2014_2_incong
11 gi,rel,454.3,Faivre et al._2014_2_incong
11 gi,unrel,3139.1,Faivre et al._2014_2_incong
11 gi,rel,624.1,Faivre et al._2014_2_incong
11 gi,rel,562.8,Faivre et al._2014_2_incong
11 gi,rel,645.5,Faivre et al._2014_2_incong
11 gi,unrel,449.9,Faivre et al._2014_2_cong
11 gi,rel,437,Faivre et al._2014_2_incong
11 gi,unrel,451.4,Faivre et al._2014_2_incong
11 gi,rel,648.4,Faivre et al._2014_2_cong
11 gi,unrel,514.9,Faivre et al._2014_2_cong
11 gi,unrel,713.7,Faivre et al._2014_2_incong
11 gi,rel,436,Faivre et al._2014_2_cong
11 gi,unrel,444.7,Faivre et al._2014_2_cong
11 gi,unrel,719,Faivre et al._2014_2_incong
11 gi,rel,456.5,Faivre et al._2014_2_incong
11 gi,unrel,497.5,Faivre et al._2014_2_incong
11 gi,unrel,672.2,Faivre et al._2014_2_incong
11 gi,unrel,390.6,Faivre et al._2014_2_cong
11 gi,unrel,518.4,Faivre et al._2014_2_cong
11 gi,rel,1011.3,Faivre et al._2014_2_cong
11 gi,rel,783.5,Faivre et al._2014_2_cong
11 gi,rel,741.7,Faivre et al._2014_2_incong
11 gi,unrel,650.1,Faivre et al._2014_2_cong
11 gi,unrel,453.9,Faivre et al._2014_2_cong
11 gi,unrel,663.6,Faivre et al._2014_2_incong
11 gi,unrel,622.7,Faivre et al._2014_2_cong
11 gi,unrel,645.9,Faivre et al._2014_2_cong
11 gi,rel,505,Faivre et al._2014_2_cong
11 gi,unrel,721.1,Faivre et al._2014_2_cong
11 gi,rel,520.9,Faivre et al._2014_2_cong
11 gi,rel,845.3,Faivre et al._2014_2_incong
11 gi,rel,526.1,Faivre et al._2014_2_cong
11 gi,unrel,861.8,Faivre et al._2014_2_cong
11 gi,unrel,497,Faivre et al._2014_2_cong
11 gi,rel,423.4,Faivre et al._2014_2_cong
12 jc,rel,2051.4,Faivre et al._2014_2_incong
12 jc,rel,1099.4,Faivre et al._2014_2_incong
12 jc,unrel,1909,Faivre et al._2014_2_cong
12 jc,rel,960.3,Faivre et al._2014_2_cong
12 jc,unrel,874,Faivre et al._2014_2_cong
12 jc,unrel,1060.1,Faivre et al._2014_2_cong
12 jc,rel,855.5,Faivre et al._2014_2_incong
12 jc,unrel,818.9,Faivre et al._2014_2_incong
12 jc,rel,661.9,Faivre et al._2014_2_incong
12 jc,rel,589.4,Faivre et al._2014_2_cong
12 jc,rel,703.1,Faivre et al._2014_2_incong
12 jc,unrel,758.9,Faivre et al._2014_2_incong
12 jc,rel,690.8,Faivre et al._2014_2_incong
12 jc,rel,584.6,Faivre et al._2014_2_incong
12 jc,unrel,619.7,Faivre et al._2014_2_incong
12 jc,unrel,585.9,Faivre et al._2014_2_incong
12 jc,rel,735.4,Faivre et al._2014_2_cong
12 jc,rel,872.8,Faivre et al._2014_2_cong
12 jc,unrel,779.7,Faivre et al._2014_2_cong
12 jc,unrel,832.9,Faivre et al._2014_2_incong
12 jc,rel,810.6,Faivre et al._2014_2_cong
12 jc,rel,1249.4,Faivre et al._2014_2_incong
12 jc,rel,614.4,Faivre et al._2014_2_incong
12 jc,unrel,587.7,Faivre et al._2014_2_incong
12 jc,unrel,1837.8,Faivre et al._2014_2_incong
12 jc,rel,979.2,Faivre et al._2014_2_incong
12 jc,rel,812.2,Faivre et al._2014_2_cong
12 jc,rel,996.1,Faivre et al._2014_2_cong
12 jc,unrel,670.6,Faivre et al._2014_2_incong
12 jc,unrel,612.9,Faivre et al._2014_2_incong
12 jc,unrel,487.1,Faivre et al._2014_2_incong
12 jc,unrel,1295.9,Faivre et al._2014_2_cong
12 jc,rel,818.1,Faivre et al._2014_2_incong
12 jc,rel,627.5,Faivre et al._2014_2_incong
12 jc,unrel,1033.1,Faivre et al._2014_2_cong
12 jc,rel,1807.4,Faivre et al._2014_2_cong
12 jc,unrel,630.6,Faivre et al._2014_2_cong
12 jc,unrel,613.1,Faivre et al._2014_2_cong
12 jc,unrel,1982,Faivre et al._2014_2_incong
12 jc,rel,1300.6,Faivre et al._2014_2_cong
12 jc,unrel,1138.1,Faivre et al._2014_2_cong
12 jc,rel,544.6,Faivre et al._2014_2_incong
12 jc,unrel,545.9,Faivre et al._2014_2_cong
12 jc,unrel,657,Faivre et al._2014_2_cong
12 jc,rel,801.8,Faivre et al._2014_2_cong
12 jc,unrel,678.4,Faivre et al._2014_2_cong
12 jc,rel,2174.5,Faivre et al._2014_2_incong
12 jc,unrel,463.3,Faivre et al._2014_2_incong
12 jc,rel,692.8,Faivre et al._2014_2_cong
12 jc,unrel,696,Faivre et al._2014_2_cong
12 jc,rel,601.4,Faivre et al._2014_2_cong
12 jc,rel,604.9,Faivre et al._2014_2_incong
12 jc,rel,534.7,Faivre et al._2014_2_cong
12 jc,rel,769.7,Faivre et al._2014_2_cong
12 jc,unrel,1627,Faivre et al._2014_2_cong
12 jc,unrel,566.5,Faivre et al._2014_2_incong
12 jc,rel,552.4,Faivre et al._2014_2_incong
12 jc,rel,597.3,Faivre et al._2014_2_cong
12 jc,rel,516.7,Faivre et al._2014_2_incong
12 jc,rel,1442.3,Faivre et al._2014_2_cong
12 jc,rel,484.9,Faivre et al._2014_2_incong
12 jc,unrel,1201.8,Faivre et al._2014_2_incong
12 jc,rel,621.3,Faivre et al._2014_2_incong
12 jc,rel,603.2,Faivre et al._2014_2_incong
12 jc,rel,538.6,Faivre et al._2014_2_incong
12 jc,unrel,417,Faivre et al._2014_2_incong
12 jc,unrel,698.5,Faivre et al._2014_2_cong
12 jc,rel,1591.3,Faivre et al._2014_2_cong
12 jc,rel,628,Faivre et al._2014_2_incong
12 jc,rel,1140.1,Faivre et al._2014_2_cong
12 jc,unrel,633.4,Faivre et al._2014_2_incong
12 jc,rel,929.6,Faivre et al._2014_2_cong
12 jc,unrel,1174.4,Faivre et al._2014_2_incong
12 jc,unrel,697.1,Faivre et al._2014_2_incong
12 jc,unrel,694.8,Faivre et al._2014_2_cong
12 jc,rel,469.8,Faivre et al._2014_2_incong
12 jc,unrel,793.7,Faivre et al._2014_2_incong
12 jc,rel,636.6,Faivre et al._2014_2_incong
12 jc,unrel,854.8,Faivre et al._2014_2_cong
13 jk,rel,910.1,Faivre et al._2014_2_incong
13 jk,unrel,633.8,Faivre et al._2014_2_incong
13 jk,unrel,1298.1,Faivre et al._2014_2_incong
13 jk,unrel,997.4,Faivre et al._2014_2_cong
13 jk,unrel,699.6,Faivre et al._2014_2_incong
13 jk,unrel,1067.8,Faivre et al._2014_2_cong
13 jk,rel,544.6,Faivre et al._2014_2_cong
13 jk,unrel,701.6,Faivre et al._2014_2_cong
13 jk,rel,1769.8,Faivre et al._2014_2_incong
13 jk,unrel,1303.7,Faivre et al._2014_2_incong
13 jk,rel,1885.6,Faivre et al._2014_2_cong
13 jk,rel,2275.2,Faivre et al._2014_2_cong
13 jk,unrel,586.7,Faivre et al._2014_2_cong
13 jk,rel,680.2,Faivre et al._2014_2_cong
13 jk,unrel,1279.5,Faivre et al._2014_2_cong
13 jk,unrel,771.8,Faivre et al._2014_2_incong
13 jk,unrel,1231,Faivre et al._2014_2_incong
13 jk,unrel,1238.5,Faivre et al._2014_2_incong
13 jk,rel,872,Faivre et al._2014_2_cong
13 jk,unrel,759,Faivre et al._2014_2_cong
13 jk,unrel,1172.6,Faivre et al._2014_2_incong
13 jk,unrel,942.7,Faivre et al._2014_2_incong
13 jk,unrel,842.3,Faivre et al._2014_2_cong
13 jk,unrel,1039.6,Faivre et al._2014_2_incong
13 jk,unrel,902.8,Faivre et al._2014_2_incong
13 jk,rel,782.9,Faivre et al._2014_2_incong
13 jk,rel,1747,Faivre et al._2014_2_incong
13 jk,rel,1887.9,Faivre et al._2014_2_incong
13 jk,unrel,1019.5,Faivre et al._2014_2_cong
13 jk,unrel,1585.4,Faivre et al._2014_2_cong
13 jk,rel,1097.8,Faivre et al._2014_2_cong
13 jk,rel,1040.7,Faivre et al._2014_2_incong
13 jk,rel,1108.8,Faivre et al._2014_2_cong
13 jk,unrel,950.1,Faivre et al._2014_2_cong
13 jk,unrel,835.6,Faivre et al._2014_2_cong
13 jk,unrel,1172.6,Faivre et al._2014_2_incong
13 jk,unrel,781.1,Faivre et al._2014_2_cong
13 jk,unrel,1060.3,Faivre et al._2014_2_cong
13 jk,unrel,1079.3,Faivre et al._2014_2_cong
13 jk,rel,604.6,Faivre et al._2014_2_cong
13 jk,unrel,845.9,Faivre et al._2014_2_incong
13 jk,rel,727.3,Faivre et al._2014_2_cong
13 jk,unrel,1250.5,Faivre et al._2014_2_incong
13 jk,unrel,1944.6,Faivre et al._2014_2_cong
13 jk,rel,568.3,Faivre et al._2014_2_cong
13 jk,rel,892,Faivre et al._2014_2_incong
13 jk,rel,956.4,Faivre et al._2014_2_incong
13 jk,unrel,2089.5,Faivre et al._2014_2_incong
13 jk,rel,1634.4,Faivre et al._2014_2_cong
13 jk,unrel,1405.6,Faivre et al._2014_2_cong
13 jk,unrel,918.5,Faivre et al._2014_2_cong
13 jk,unrel,881.7,Faivre et al._2014_2_incong
13 jk,rel,770.2,Faivre et al._2014_2_incong
13 jk,rel,565.2,Faivre et al._2014_2_cong
13 jk,unrel,1169.1,Faivre et al._2014_2_cong
13 jk,rel,965.5,Faivre et al._2014_2_cong
13 jk,unrel,585.5,Faivre et al._2014_2_incong
13 jk,rel,745.1,Faivre et al._2014_2_cong
13 jk,rel,569.8,Faivre et al._2014_2_cong
13 jk,rel,1770.3,Faivre et al._2014_2_cong
13 jk,unrel,1926.4,Faivre et al._2014_2_incong
13 jk,unrel,788.6,Faivre et al._2014_2_cong
13 jk,unrel,1184.3,Faivre et al._2014_2_cong
13 jk,unrel,1073.1,Faivre et al._2014_2_cong
13 jk,rel,884.6,Faivre et al._2014_2_incong
13 jk,unrel,859.4,Faivre et al._2014_2_incong
13 jk,unrel,1272.5,Faivre et al._2014_2_cong
13 jk,rel,1156.3,Faivre et al._2014_2_cong
13 jk,unrel,1096.6,Faivre et al._2014_2_incong
13 jk,rel,1655.3,Faivre et al._2014_2_incong
13 jk,rel,699.4,Faivre et al._2014_2_cong
13 jk,unrel,681.8,Faivre et al._2014_2_cong
13 jk,rel,1202.5,Faivre et al._2014_2_incong
13 jk,rel,1852.1,Faivre et al._2014_2_incong
13 jk,unrel,690.2,Faivre et al._2014_2_cong
13 jk,rel,597.3,Faivre et al._2014_2_incong
13 jk,rel,635.7,Faivre et al._2014_2_incong
13 jk,rel,939.1,Faivre et al._2014_2_incong
13 jk,rel,1301.2,Faivre et al._2014_2_incong
13 jk,unrel,822.1,Faivre et al._2014_2_incong
13 jk,rel,1107.5,Faivre et al._2014_2_cong
13 jk,rel,831.2,Faivre et al._2014_2_cong
13 jk,unrel,763.8,Faivre et al._2014_2_cong
13 jk,unrel,522.7,Faivre et al._2014_2_cong
14 js,unrel,882.4,Faivre et al._2014_2_cong
14 js,unrel,349.5,Faivre et al._2014_2_cong
14 js,rel,344.5,Faivre et al._2014_2_cong
14 js,rel,412.6,Faivre et al._2014_2_incong
14 js,rel,544,Faivre et al._2014_2_incong
14 js,unrel,629.2,Faivre et al._2014_2_incong
14 js,rel,446.8,Faivre et al._2014_2_cong
14 js,unrel,805.4,Faivre et al._2014_2_incong
14 js,rel,503.7,Faivre et al._2014_2_incong
14 js,unrel,510.2,Faivre et al._2014_2_incong
14 js,unrel,762.7,Faivre et al._2014_2_cong
14 js,unrel,613.9,Faivre et al._2014_2_incong
14 js,rel,433.7,Faivre et al._2014_2_cong
14 js,rel,604.6,Faivre et al._2014_2_cong
14 js,rel,1699.9,Faivre et al._2014_2_incong
14 js,rel,506.8,Faivre et al._2014_2_cong
14 js,unrel,378.7,Faivre et al._2014_2_incong
14 js,rel,713.3,Faivre et al._2014_2_cong
14 js,rel,505.4,Faivre et al._2014_2_cong
14 js,unrel,819.3,Faivre et al._2014_2_cong
14 js,rel,415.3,Faivre et al._2014_2_incong
14 js,unrel,975,Faivre et al._2014_2_incong
14 js,unrel,526.5,Faivre et al._2014_2_incong
14 js,rel,706.9,Faivre et al._2014_2_cong
14 js,rel,760,Faivre et al._2014_2_cong
14 js,rel,1055.8,Faivre et al._2014_2_incong
14 js,unrel,1256.2,Faivre et al._2014_2_cong
14 js,rel,426.6,Faivre et al._2014_2_incong
14 js,unrel,699.9,Faivre et al._2014_2_cong
14 js,rel,969.2,Faivre et al._2014_2_incong
14 js,rel,656,Faivre et al._2014_2_cong
14 js,rel,332.3,Faivre et al._2014_2_cong
14 js,rel,750.1,Faivre et al._2014_2_incong
14 js,rel,875.3,Faivre et al._2014_2_incong
14 js,rel,399.5,Faivre et al._2014_2_cong
14 js,rel,548.6,Faivre et al._2014_2_incong
14 js,rel,423.9,Faivre et al._2014_2_incong
14 js,unrel,454.7,Faivre et al._2014_2_cong
14 js,unrel,463.1,Faivre et al._2014_2_cong
14 js,rel,323.1,Faivre et al._2014_2_incong
14 js,unrel,792.9,Faivre et al._2014_2_incong
14 js,unrel,563.1,Faivre et al._2014_2_cong
14 js,unrel,378.1,Faivre et al._2014_2_cong
14 js,unrel,366.2,Faivre et al._2014_2_cong
14 js,unrel,465.4,Faivre et al._2014_2_incong
14 js,unrel,428.2,Faivre et al._2014_2_cong
14 js,rel,745.4,Faivre et al._2014_2_incong
14 js,unrel,692.9,Faivre et al._2014_2_incong
14 js,unrel,675.9,Faivre et al._2014_2_incong
14 js,rel,758.6,Faivre et al._2014_2_cong
14 js,unrel,536.9,Faivre et al._2014_2_cong
14 js,rel,1055.2,Faivre et al._2014_2_incong
14 js,unrel,521.6,Faivre et al._2014_2_incong
14 js,rel,814.7,Faivre et al._2014_2_cong
14 js,rel,819.9,Faivre et al._2014_2_incong
14 js,unrel,388.9,Faivre et al._2014_2_cong
14 js,rel,615.9,Faivre et al._2014_2_cong
14 js,unrel,793.1,Faivre et al._2014_2_incong
14 js,rel,1231.4,Faivre et al._2014_2_incong
14 js,unrel,690,Faivre et al._2014_2_incong
14 js,rel,608.3,Faivre et al._2014_2_cong
14 js,rel,767.9,Faivre et al._2014_2_cong
14 js,rel,1097.3,Faivre et al._2014_2_incong
14 js,unrel,547.7,Faivre et al._2014_2_incong
14 js,unrel,333.4,Faivre et al._2014_2_cong
14 js,rel,539.6,Faivre et al._2014_2_cong
14 js,unrel,769.4,Faivre et al._2014_2_cong
14 js,unrel,472.2,Faivre et al._2014_2_incong
14 js,rel,1311.3,Faivre et al._2014_2_incong
14 js,unrel,688.5,Faivre et al._2014_2_cong
14 js,unrel,742.2,Faivre et al._2014_2_cong
14 js,rel,772,Faivre et al._2014_2_incong
14 js,unrel,902.3,Faivre et al._2014_2_incong
15 kr,unrel,322.9,Faivre et al._2014_2_incong
15 kr,rel,624.3,Faivre et al._2014_2_cong
15 kr,unrel,527.7,Faivre et al._2014_2_cong
15 kr,unrel,614.5,Faivre et al._2014_2_cong
15 kr,unrel,417.3,Faivre et al._2014_2_incong
15 kr,rel,696.7,Faivre et al._2014_2_cong
15 kr,unrel,420.7,Faivre et al._2014_2_incong
15 kr,rel,806.7,Faivre et al._2014_2_incong
15 kr,unrel,594.9,Faivre et al._2014_2_cong
15 kr,rel,478.5,Faivre et al._2014_2_incong
15 kr,unrel,492.6,Faivre et al._2014_2_incong
15 kr,unrel,644,Faivre et al._2014_2_cong
15 kr,unrel,395.2,Faivre et al._2014_2_incong
15 kr,rel,484.3,Faivre et al._2014_2_cong
15 kr,rel,500.9,Faivre et al._2014_2_cong
15 kr,unrel,371.7,Faivre et al._2014_2_cong
15 kr,rel,448.7,Faivre et al._2014_2_incong
15 kr,rel,758.7,Faivre et al._2014_2_cong
15 kr,unrel,431.1,Faivre et al._2014_2_incong
15 kr,rel,513.7,Faivre et al._2014_2_cong
15 kr,rel,343.5,Faivre et al._2014_2_cong
15 kr,unrel,314,Faivre et al._2014_2_incong
15 kr,unrel,486.9,Faivre et al._2014_2_incong
15 kr,unrel,580.4,Faivre et al._2014_2_cong
15 kr,rel,321.4,Faivre et al._2014_2_incong
15 kr,unrel,2023.5,Faivre et al._2014_2_incong
15 kr,unrel,535.7,Faivre et al._2014_2_incong
15 kr,unrel,470.9,Faivre et al._2014_2_cong
15 kr,rel,965.2,Faivre et al._2014_2_cong
15 kr,unrel,442.8,Faivre et al._2014_2_incong
15 kr,unrel,582.5,Faivre et al._2014_2_cong
15 kr,unrel,480.5,Faivre et al._2014_2_incong
15 kr,unrel,634.6,Faivre et al._2014_2_cong
15 kr,unrel,2586.2,Faivre et al._2014_2_incong
15 kr,unrel,578.4,Faivre et al._2014_2_cong
15 kr,rel,1143.6,Faivre et al._2014_2_cong
15 kr,rel,706,Faivre et al._2014_2_cong
15 kr,rel,571.1,Faivre et al._2014_2_incong
15 kr,rel,556,Faivre et al._2014_2_cong
15 kr,unrel,482,Faivre et al._2014_2_cong
15 kr,rel,470,Faivre et al._2014_2_cong
15 kr,unrel,442.4,Faivre et al._2014_2_cong
15 kr,unrel,337.3,Faivre et al._2014_2_incong
15 kr,unrel,702.2,Faivre et al._2014_2_incong
15 kr,unrel,494.2,Faivre et al._2014_2_incong
15 kr,rel,439.2,Faivre et al._2014_2_cong
15 kr,unrel,557,Faivre et al._2014_2_cong
15 kr,rel,732.4,Faivre et al._2014_2_incong
15 kr,unrel,933.5,Faivre et al._2014_2_incong
15 kr,unrel,849.8,Faivre et al._2014_2_cong
15 kr,rel,1611.5,Faivre et al._2014_2_incong
15 kr,rel,1096.5,Faivre et al._2014_2_cong
15 kr,unrel,454.2,Faivre et al._2014_2_incong
15 kr,rel,659.6,Faivre et al._2014_2_cong
15 kr,rel,455.7,Faivre et al._2014_2_incong
15 kr,rel,355.1,Faivre et al._2014_2_incong
15 kr,rel,480.2,Faivre et al._2014_2_cong
15 kr,unrel,413.6,Faivre et al._2014_2_incong
15 kr,rel,346.4,Faivre et al._2014_2_incong
15 kr,unrel,952.2,Faivre et al._2014_2_incong
15 kr,unrel,451.6,Faivre et al._2014_2_incong
15 kr,rel,633,Faivre et al._2014_2_cong
15 kr,unrel,456.5,Faivre et al._2014_2_cong
15 kr,rel,1459,Faivre et al._2014_2_incong
15 kr,rel,666,Faivre et al._2014_2_cong
15 kr,unrel,898.7,Faivre et al._2014_2_incong
15 kr,unrel,638.1,Faivre et al._2014_2_incong
15 kr,rel,335.2,Faivre et al._2014_2_incong
15 kr,rel,684.1,Faivre et al._2014_2_cong
15 kr,unrel,685.2,Faivre et al._2014_2_incong
15 kr,rel,391,Faivre et al._2014_2_cong
15 kr,unrel,900.4,Faivre et al._2014_2_incong
15 kr,rel,1012.1,Faivre et al._2014_2_cong
15 kr,unrel,1291,Faivre et al._2014_2_incong
15 kr,unrel,1356.5,Faivre et al._2014_2_incong
15 kr,rel,707.7,Faivre et al._2014_2_incong
15 kr,unrel,685,Faivre et al._2014_2_cong
15 kr,unrel,480.8,Faivre et al._2014_2_cong
15 kr,unrel,759.6,Faivre et al._2014_2_incong
15 kr,unrel,565.4,Faivre et al._2014_2_incong
15 kr,unrel,449.6,Faivre et al._2014_2_cong
15 kr,rel,761.7,Faivre et al._2014_2_incong
16 ks,unrel,508.8,Faivre et al._2014_2_incong
16 ks,unrel,656.3,Faivre et al._2014_2_incong
16 ks,rel,323.9,Faivre et al._2014_2_incong
16 ks,unrel,367.5,Faivre et al._2014_2_cong
16 ks,rel,753.9,Faivre et al._2014_2_cong
16 ks,unrel,987.7,Faivre et al._2014_2_cong
16 ks,unrel,715.4,Faivre et al._2014_2_cong
16 ks,unrel,933.6,Faivre et al._2014_2_incong
16 ks,rel,930.7,Faivre et al._2014_2_cong
16 ks,unrel,609.1,Faivre et al._2014_2_incong
16 ks,rel,927.7,Faivre et al._2014_2_cong
16 ks,rel,591.9,Faivre et al._2014_2_cong
16 ks,unrel,708,Faivre et al._2014_2_incong
16 ks,rel,589.1,Faivre et al._2014_2_incong
16 ks,unrel,1105.5,Faivre et al._2014_2_incong
16 ks,unrel,912.2,Faivre et al._2014_2_cong
16 ks,rel,1348.1,Faivre et al._2014_2_cong
16 ks,rel,595.9,Faivre et al._2014_2_cong
16 ks,rel,667.7,Faivre et al._2014_2_incong
16 ks,rel,1145.8,Faivre et al._2014_2_incong
16 ks,unrel,937.6,Faivre et al._2014_2_incong
16 ks,rel,544.5,Faivre et al._2014_2_incong
16 ks,rel,429.1,Faivre et al._2014_2_incong
16 ks,unrel,1266.6,Faivre et al._2014_2_cong
16 ks,unrel,451.9,Faivre et al._2014_2_cong
16 ks,rel,804.8,Faivre et al._2014_2_incong
16 ks,rel,753.7,Faivre et al._2014_2_incong
16 ks,rel,686.8,Faivre et al._2014_2_cong
16 ks,unrel,786.6,Faivre et al._2014_2_cong
16 ks,unrel,542.1,Faivre et al._2014_2_cong
16 ks,unrel,464.5,Faivre et al._2014_2_cong
16 ks,unrel,610.7,Faivre et al._2014_2_cong
16 ks,rel,642.4,Faivre et al._2014_2_cong
16 ks,unrel,496.2,Faivre et al._2014_2_cong
16 ks,rel,379.8,Faivre et al._2014_2_cong
16 ks,rel,935.2,Faivre et al._2014_2_incong
16 ks,rel,428.2,Faivre et al._2014_2_incong
16 ks,rel,465.4,Faivre et al._2014_2_incong
16 ks,unrel,406.2,Faivre et al._2014_2_cong
16 ks,rel,644.6,Faivre et al._2014_2_incong
16 ks,unrel,513.3,Faivre et al._2014_2_incong
16 ks,rel,389.9,Faivre et al._2014_2_cong
16 ks,unrel,691.1,Faivre et al._2014_2_incong
16 ks,unrel,428.4,Faivre et al._2014_2_cong
16 ks,unrel,468.8,Faivre et al._2014_2_cong
16 ks,unrel,311.1,Faivre et al._2014_2_cong
16 ks,unrel,746.5,Faivre et al._2014_2_cong
16 ks,rel,303.3,Faivre et al._2014_2_cong
16 ks,unrel,670.5,Faivre et al._2014_2_incong
16 ks,unrel,306.1,Faivre et al._2014_2_cong
16 ks,unrel,425.5,Faivre et al._2014_2_cong
16 ks,unrel,416.6,Faivre et al._2014_2_incong
16 ks,rel,707.2,Faivre et al._2014_2_incong
16 ks,rel,375.6,Faivre et al._2014_2_cong
16 ks,rel,415.9,Faivre et al._2014_2_incong
16 ks,rel,786.1,Faivre et al._2014_2_incong
16 ks,rel,1124.8,Faivre et al._2014_2_incong
16 ks,rel,864.4,Faivre et al._2014_2_incong
16 ks,rel,355.6,Faivre et al._2014_2_incong
16 ks,rel,323.2,Faivre et al._2014_2_cong
16 ks,rel,644.8,Faivre et al._2014_2_incong
16 ks,unrel,625.6,Faivre et al._2014_2_cong
16 ks,rel,404.4,Faivre et al._2014_2_incong
16 ks,rel,434,Faivre et al._2014_2_incong
16 ks,unrel,413.8,Faivre et al._2014_2_incong
16 ks,rel,334.9,Faivre et al._2014_2_cong
16 ks,rel,304,Faivre et al._2014_2_cong
16 ks,unrel,368.9,Faivre et al._2014_2_incong
16 ks,unrel,503.7,Faivre et al._2014_2_incong
16 ks,rel,401.3,Faivre et al._2014_2_incong
16 ks,rel,358,Faivre et al._2014_2_incong
16 ks,rel,329.9,Faivre et al._2014_2_cong
16 ks,unrel,355.6,Faivre et al._2014_2_incong
17 lo,unrel,1019.2,Faivre et al._2014_2_incong
17 lo,rel,2317.8,Faivre et al._2014_2_incong
17 lo,rel,604.4,Faivre et al._2014_2_incong
17 lo,rel,1256.3,Faivre et al._2014_2_incong
17 lo,rel,594.3,Faivre et al._2014_2_cong
17 lo,unrel,616.3,Faivre et al._2014_2_cong
17 lo,unrel,1190.4,Faivre et al._2014_2_incong
17 lo,unrel,937.3,Faivre et al._2014_2_cong
17 lo,rel,1530.2,Faivre et al._2014_2_incong
17 lo,unrel,1368,Faivre et al._2014_2_incong
17 lo,rel,738.9,Faivre et al._2014_2_cong
17 lo,unrel,1482.1,Faivre et al._2014_2_incong
17 lo,unrel,725.1,Faivre et al._2014_2_incong
17 lo,unrel,884.2,Faivre et al._2014_2_cong
17 lo,unrel,1022,Faivre et al._2014_2_cong
17 lo,unrel,1042.4,Faivre et al._2014_2_cong
17 lo,rel,2076.9,Faivre et al._2014_2_incong
17 lo,rel,835.1,Faivre et al._2014_2_cong
17 lo,rel,1202.1,Faivre et al._2014_2_incong
17 lo,unrel,1066.6,Faivre et al._2014_2_cong
17 lo,rel,1395,Faivre et al._2014_2_incong
17 lo,rel,799.7,Faivre et al._2014_2_cong
17 lo,rel,865.7,Faivre et al._2014_2_cong
17 lo,rel,915.2,Faivre et al._2014_2_incong
17 lo,rel,1282.6,Faivre et al._2014_2_cong
17 lo,rel,904,Faivre et al._2014_2_cong
17 lo,rel,2249.2,Faivre et al._2014_2_incong
17 lo,rel,665.6,Faivre et al._2014_2_cong
17 lo,rel,686.2,Faivre et al._2014_2_incong
17 lo,unrel,969.8,Faivre et al._2014_2_incong
17 lo,unrel,485.8,Faivre et al._2014_2_cong
17 lo,rel,610.3,Faivre et al._2014_2_cong
17 lo,rel,367.5,Faivre et al._2014_2_cong
17 lo,rel,593.2,Faivre et al._2014_2_incong
17 lo,unrel,526.4,Faivre et al._2014_2_cong
17 lo,unrel,1254,Faivre et al._2014_2_cong
17 lo,unrel,2178.8,Faivre et al._2014_2_incong
17 lo,unrel,478.6,Faivre et al._2014_2_incong
17 lo,rel,1067.2,Faivre et al._2014_2_cong
17 lo,rel,504.7,Faivre et al._2014_2_cong
17 lo,rel,734.8,Faivre et al._2014_2_incong
17 lo,unrel,643,Faivre et al._2014_2_incong
17 lo,unrel,645.9,Faivre et al._2014_2_incong
17 lo,unrel,436.6,Faivre et al._2014_2_cong
17 lo,unrel,1244.6,Faivre et al._2014_2_incong
17 lo,rel,979.9,Faivre et al._2014_2_incong
17 lo,unrel,835.1,Faivre et al._2014_2_cong
17 lo,unrel,763.1,Faivre et al._2014_2_cong
17 lo,unrel,663.9,Faivre et al._2014_2_incong
17 lo,rel,1233.2,Faivre et al._2014_2_cong
17 lo,unrel,1018.4,Faivre et al._2014_2_cong
17 lo,unrel,835.5,Faivre et al._2014_2_cong
17 lo,rel,577.5,Faivre et al._2014_2_cong
17 lo,rel,443.3,Faivre et al._2014_2_cong
17 lo,unrel,845.3,Faivre et al._2014_2_cong
17 lo,unrel,704,Faivre et al._2014_2_cong
17 lo,rel,903.7,Faivre et al._2014_2_cong
17 lo,rel,1606,Faivre et al._2014_2_incong
17 lo,rel,1181,Faivre et al._2014_2_incong
17 lo,unrel,1368,Faivre et al._2014_2_incong
17 lo,unrel,520.6,Faivre et al._2014_2_cong
17 lo,rel,889.5,Faivre et al._2014_2_cong
17 lo,unrel,768.8,Faivre et al._2014_2_incong
17 lo,rel,895.5,Faivre et al._2014_2_cong
17 lo,rel,426.3,Faivre et al._2014_2_cong
17 lo,unrel,1660.3,Faivre et al._2014_2_incong
17 lo,unrel,631.3,Faivre et al._2014_2_cong
17 lo,rel,1326.5,Faivre et al._2014_2_incong
17 lo,rel,573.8,Faivre et al._2014_2_incong
17 lo,rel,799.7,Faivre et al._2014_2_incong
17 lo,rel,507.8,Faivre et al._2014_2_incong
17 lo,unrel,982.2,Faivre et al._2014_2_cong
17 lo,rel,765.8,Faivre et al._2014_2_cong
17 lo,unrel,807,Faivre et al._2014_2_incong
17 lo,rel,758,Faivre et al._2014_2_incong
17 lo,rel,549,Faivre et al._2014_2_incong
17 lo,unrel,579.4,Faivre et al._2014_2_cong
17 lo,rel,660.8,Faivre et al._2014_2_cong
17 lo,rel,1005.7,Faivre et al._2014_2_incong
17 lo,rel,771.1,Faivre et al._2014_2_incong
17 lo,unrel,705.4,Faivre et al._2014_2_cong
17 lo,rel,629.4,Faivre et al._2014_2_cong
17 lo,rel,1168.7,Faivre et al._2014_2_cong
17 lo,unrel,1230.3,Faivre et al._2014_2_incong
17 lo,unrel,544.7,Faivre et al._2014_2_cong
18 lu,rel,753.1,Faivre et al._2014_2_cong
18 lu,unrel,805.1,Faivre et al._2014_2_incong
18 lu,rel,696.1,Faivre et al._2014_2_cong
18 lu,rel,831.8,Faivre et al._2014_2_cong
18 lu,rel,693.9,Faivre et al._2014_2_cong
18 lu,unrel,712.3,Faivre et al._2014_2_cong
18 lu,rel,596.4,Faivre et al._2014_2_cong
18 lu,rel,935.5,Faivre et al._2014_2_incong
18 lu,rel,885.8,Faivre et al._2014_2_cong
18 lu,rel,696.4,Faivre et al._2014_2_cong
18 lu,rel,561,Faivre et al._2014_2_cong
18 lu,unrel,646.4,Faivre et al._2014_2_incong
18 lu,rel,844.7,Faivre et al._2014_2_cong
18 lu,rel,874.6,Faivre et al._2014_2_incong
18 lu,unrel,778.7,Faivre et al._2014_2_cong
18 lu,rel,737.2,Faivre et al._2014_2_cong
18 lu,unrel,746.9,Faivre et al._2014_2_incong
18 lu,unrel,849.2,Faivre et al._2014_2_cong
18 lu,rel,634.7,Faivre et al._2014_2_incong
18 lu,rel,615.6,Faivre et al._2014_2_cong
18 lu,unrel,648.7,Faivre et al._2014_2_incong
18 lu,rel,505.6,Faivre et al._2014_2_cong
18 lu,rel,523.3,Faivre et al._2014_2_incong
18 lu,rel,748.9,Faivre et al._2014_2_incong
18 lu,rel,644.3,Faivre et al._2014_2_incong
18 lu,rel,634.4,Faivre et al._2014_2_cong
18 lu,rel,586.1,Faivre et al._2014_2_incong
18 lu,unrel,768.7,Faivre et al._2014_2_incong
18 lu,rel,523.1,Faivre et al._2014_2_incong
18 lu,unrel,566.4,Faivre et al._2014_2_cong
18 lu,unrel,400.2,Faivre et al._2014_2_cong
18 lu,rel,485.1,Faivre et al._2014_2_incong
18 lu,rel,538.3,Faivre et al._2014_2_cong
18 lu,unrel,669.4,Faivre et al._2014_2_incong
18 lu,unrel,549.4,Faivre et al._2014_2_cong
18 lu,rel,385.6,Faivre et al._2014_2_cong
18 lu,unrel,383.5,Faivre et al._2014_2_cong
18 lu,unrel,506.1,Faivre et al._2014_2_incong
18 lu,unrel,486.4,Faivre et al._2014_2_cong
18 lu,unrel,630.4,Faivre et al._2014_2_incong
18 lu,rel,683.8,Faivre et al._2014_2_incong
18 lu,rel,600.3,Faivre et al._2014_2_incong
18 lu,unrel,701.6,Faivre et al._2014_2_incong
18 lu,rel,476.8,Faivre et al._2014_2_cong
18 lu,rel,837.9,Faivre et al._2014_2_incong
18 lu,unrel,527.9,Faivre et al._2014_2_cong
18 lu,unrel,847,Faivre et al._2014_2_incong
18 lu,unrel,718.1,Faivre et al._2014_2_incong
18 lu,rel,770.9,Faivre et al._2014_2_cong
18 lu,rel,676.5,Faivre et al._2014_2_incong
18 lu,unrel,1332.7,Faivre et al._2014_2_incong
18 lu,unrel,641.4,Faivre et al._2014_2_cong
18 lu,rel,742.7,Faivre et al._2014_2_incong
18 lu,rel,589.7,Faivre et al._2014_2_cong
18 lu,rel,392.7,Faivre et al._2014_2_cong
18 lu,unrel,402.5,Faivre et al._2014_2_cong
18 lu,unrel,585.9,Faivre et al._2014_2_incong
18 lu,unrel,728.8,Faivre et al._2014_2_cong
18 lu,unrel,763,Faivre et al._2014_2_incong
18 lu,rel,752.6,Faivre et al._2014_2_cong
18 lu,unrel,321.2,Faivre et al._2014_2_cong
18 lu,rel,440.7,Faivre et al._2014_2_incong
18 lu,rel,802.4,Faivre et al._2014_2_incong
18 lu,rel,454.8,Faivre et al._2014_2_cong
18 lu,rel,870.6,Faivre et al._2014_2_incong
18 lu,unrel,510.4,Faivre et al._2014_2_cong
18 lu,rel,1005.3,Faivre et al._2014_2_incong
18 lu,rel,551.1,Faivre et al._2014_2_incong
18 lu,unrel,889.1,Faivre et al._2014_2_incong
18 lu,unrel,642.9,Faivre et al._2014_2_incong
18 lu,unrel,674.5,Faivre et al._2014_2_incong
18 lu,rel,475.5,Faivre et al._2014_2_cong
18 lu,unrel,1694.7,Faivre et al._2014_2_incong
18 lu,rel,503.5,Faivre et al._2014_2_cong
18 lu,unrel,427,Faivre et al._2014_2_incong
18 lu,rel,338.3,Faivre et al._2014_2_incong
18 lu,unrel,689.1,Faivre et al._2014_2_cong
18 lu,rel,855.3,Faivre et al._2014_2_incong
18 lu,rel,698.6,Faivre et al._2014_2_incong
18 lu,unrel,652.2,Faivre et al._2014_2_cong
19 nu,rel,1873.1,Faivre et al._2014_2_incong
19 nu,rel,1245.6,Faivre et al._2014_2_cong
19 nu,rel,2304,Faivre et al._2014_2_cong
19 nu,rel,1404.7,Faivre et al._2014_2_cong
19 nu,unrel,2427.2,Faivre et al._2014_2_incong
19 nu,rel,1360.1,Faivre et al._2014_2_cong
19 nu,unrel,1113.8,Faivre et al._2014_2_cong
19 nu,unrel,1214.8,Faivre et al._2014_2_cong
19 nu,unrel,1431.7,Faivre et al._2014_2_cong
19 nu,unrel,1818.5,Faivre et al._2014_2_incong
19 nu,unrel,2453.8,Faivre et al._2014_2_cong
19 nu,unrel,1091.1,Faivre et al._2014_2_incong
19 nu,unrel,546.5,Faivre et al._2014_2_incong
19 nu,unrel,1740.2,Faivre et al._2014_2_incong
19 nu,unrel,868.3,Faivre et al._2014_2_incong
19 nu,rel,669.5,Faivre et al._2014_2_cong
19 nu,unrel,1018.1,Faivre et al._2014_2_incong
19 nu,rel,1829.6,Faivre et al._2014_2_incong
19 nu,unrel,778.9,Faivre et al._2014_2_incong
19 nu,rel,955,Faivre et al._2014_2_incong
19 nu,rel,664.9,Faivre et al._2014_2_incong
19 nu,rel,662,Faivre et al._2014_2_incong
19 nu,unrel,669.6,Faivre et al._2014_2_incong
19 nu,rel,959,Faivre et al._2014_2_cong
19 nu,unrel,743,Faivre et al._2014_2_cong
19 nu,rel,1823.7,Faivre et al._2014_2_cong
19 nu,unrel,1155.6,Faivre et al._2014_2_cong
19 nu,rel,1737.3,Faivre et al._2014_2_incong
19 nu,rel,904.5,Faivre et al._2014_2_incong
19 nu,rel,1484.6,Faivre et al._2014_2_cong
19 nu,unrel,1261.6,Faivre et al._2014_2_cong
19 nu,rel,532.7,Faivre et al._2014_2_cong
19 nu,rel,2610.1,Faivre et al._2014_2_cong
19 nu,rel,2682.4,Faivre et al._2014_2_cong
19 nu,unrel,1753.3,Faivre et al._2014_2_cong
19 nu,unrel,1604.6,Faivre et al._2014_2_incong
19 nu,unrel,2255.6,Faivre et al._2014_2_incong
19 nu,rel,1487.5,Faivre et al._2014_2_incong
19 nu,unrel,1459.3,Faivre et al._2014_2_cong
19 nu,unrel,1534.1,Faivre et al._2014_2_cong
19 nu,unrel,1459.5,Faivre et al._2014_2_incong
19 nu,rel,1833.3,Faivre et al._2014_2_cong
19 nu,unrel,2403.9,Faivre et al._2014_2_cong
19 nu,rel,1979.5,Faivre et al._2014_2_incong
19 nu,rel,2649.5,Faivre et al._2014_2_cong
19 nu,rel,2000.6,Faivre et al._2014_2_cong
19 nu,rel,2131.4,Faivre et al._2014_2_incong
19 nu,unrel,1964.9,Faivre et al._2014_2_cong
19 nu,unrel,2067.8,Faivre et al._2014_2_cong
19 nu,rel,1537.4,Faivre et al._2014_2_cong
19 nu,unrel,2437.6,Faivre et al._2014_2_incong
19 nu,unrel,1516.3,Faivre et al._2014_2_incong
19 nu,unrel,907.2,Faivre et al._2014_2_incong
19 nu,unrel,974.9,Faivre et al._2014_2_incong
19 nu,rel,919.4,Faivre et al._2014_2_incong
19 nu,rel,3254.8,Faivre et al._2014_2_cong
19 nu,unrel,1384.5,Faivre et al._2014_2_incong
19 nu,unrel,3042.8,Faivre et al._2014_2_cong
19 nu,rel,889.4,Faivre et al._2014_2_incong
19 nu,unrel,1228.2,Faivre et al._2014_2_cong
19 nu,unrel,581.4,Faivre et al._2014_2_cong
19 nu,rel,1963.7,Faivre et al._2014_2_cong
19 nu,rel,829.2,Faivre et al._2014_2_cong
19 nu,unrel,2118.1,Faivre et al._2014_2_cong
19 nu,rel,923.9,Faivre et al._2014_2_incong
19 nu,unrel,2949.3,Faivre et al._2014_2_cong
19 nu,unrel,827.1,Faivre et al._2014_2_cong
19 nu,rel,1124,Faivre et al._2014_2_cong
19 nu,rel,430.6,Faivre et al._2014_2_cong
19 nu,unrel,518.3,Faivre et al._2014_2_cong
19 nu,unrel,567.1,Faivre et al._2014_2_incong
2 DB,rel,1113.9,Faivre et al._2014_2_incong
2 DB,rel,861.3,Faivre et al._2014_2_cong
2 DB,unrel,1112.6,Faivre et al._2014_2_cong
2 DB,unrel,941.1,Faivre et al._2014_2_incong
2 DB,unrel,1434.6,Faivre et al._2014_2_incong
2 DB,unrel,2026.2,Faivre et al._2014_2_cong
2 DB,unrel,999.3,Faivre et al._2014_2_cong
2 DB,rel,1964.7,Faivre et al._2014_2_cong
2 DB,unrel,745.3,Faivre et al._2014_2_cong
2 DB,unrel,1478.8,Faivre et al._2014_2_cong
2 DB,rel,1271.6,Faivre et al._2014_2_incong
2 DB,rel,1914.3,Faivre et al._2014_2_cong
2 DB,unrel,1421.2,Faivre et al._2014_2_incong
2 DB,unrel,2653.4,Faivre et al._2014_2_cong
2 DB,rel,677,Faivre et al._2014_2_cong
2 DB,unrel,662.2,Faivre et al._2014_2_incong
2 DB,rel,1209.5,Faivre et al._2014_2_incong
2 DB,unrel,1228.8,Faivre et al._2014_2_incong
2 DB,unrel,604.6,Faivre et al._2014_2_incong
2 DB,rel,756.5,Faivre et al._2014_2_cong
2 DB,unrel,552.8,Faivre et al._2014_2_cong
2 DB,rel,2072.4,Faivre et al._2014_2_cong
2 DB,unrel,552.7,Faivre et al._2014_2_cong
2 DB,unrel,654.1,Faivre et al._2014_2_cong
2 DB,rel,1433.6,Faivre et al._2014_2_incong
2 DB,unrel,736.3,Faivre et al._2014_2_cong
2 DB,unrel,2031.1,Faivre et al._2014_2_incong
2 DB,rel,553.2,Faivre et al._2014_2_cong
2 DB,unrel,1452.5,Faivre et al._2014_2_incong
2 DB,rel,963.6,Faivre et al._2014_2_incong
2 DB,rel,714.5,Faivre et al._2014_2_cong
2 DB,unrel,1121.2,Faivre et al._2014_2_cong
2 DB,rel,745.7,Faivre et al._2014_2_incong
2 DB,rel,754.2,Faivre et al._2014_2_incong
2 DB,rel,1025.6,Faivre et al._2014_2_incong
2 DB,unrel,1100.8,Faivre et al._2014_2_incong
2 DB,unrel,2129.5,Faivre et al._2014_2_cong
2 DB,unrel,704.6,Faivre et al._2014_2_cong
2 DB,rel,643,Faivre et al._2014_2_incong
2 DB,rel,1752.9,Faivre et al._2014_2_incong
2 DB,rel,1909.2,Faivre et al._2014_2_cong
2 DB,unrel,628.5,Faivre et al._2014_2_cong
2 DB,unrel,610.9,Faivre et al._2014_2_incong
2 DB,unrel,633.8,Faivre et al._2014_2_incong
2 DB,unrel,683.4,Faivre et al._2014_2_cong
2 DB,rel,381.3,Faivre et al._2014_2_incong
2 DB,rel,398.6,Faivre et al._2014_2_incong
2 DB,unrel,534.4,Faivre et al._2014_2_incong
2 DB,rel,866.3,Faivre et al._2014_2_cong
2 DB,unrel,377.1,Faivre et al._2014_2_cong
2 DB,rel,453.4,Faivre et al._2014_2_incong
2 DB,unrel,937.6,Faivre et al._2014_2_cong
2 DB,rel,850.4,Faivre et al._2014_2_cong
2 DB,unrel,583.5,Faivre et al._2014_2_cong
2 DB,unrel,506.7,Faivre et al._2014_2_incong
2 DB,rel,668.2,Faivre et al._2014_2_incong
2 DB,rel,532.5,Faivre et al._2014_2_cong
2 DB,unrel,367.3,Faivre et al._2014_2_cong
2 DB,rel,452.8,Faivre et al._2014_2_incong
2 DB,rel,485.9,Faivre et al._2014_2_incong
2 DB,unrel,487.1,Faivre et al._2014_2_cong
2 DB,rel,514.8,Faivre et al._2014_2_cong
2 DB,rel,847.5,Faivre et al._2014_2_incong
2 DB,unrel,405.3,Faivre et al._2014_2_cong
2 DB,unrel,556.6,Faivre et al._2014_2_incong
2 DB,unrel,525.5,Faivre et al._2014_2_cong
2 DB,unrel,619.8,Faivre et al._2014_2_cong
2 DB,rel,424.9,Faivre et al._2014_2_cong
2 DB,rel,2220.1,Faivre et al._2014_2_incong
2 DB,rel,1291.9,Faivre et al._2014_2_incong
2 DB,unrel,702.9,Faivre et al._2014_2_cong
2 DB,rel,393,Faivre et al._2014_2_cong
2 DB,unrel,480.5,Faivre et al._2014_2_incong
2 DB,rel,439.2,Faivre et al._2014_2_incong
2 DB,rel,583.4,Faivre et al._2014_2_cong
2 DB,rel,436,Faivre et al._2014_2_cong
2 DB,rel,787.2,Faivre et al._2014_2_incong
2 DB,rel,424.6,Faivre et al._2014_2_cong
2 DB,rel,528,Faivre et al._2014_2_cong
2 DB,unrel,688,Faivre et al._2014_2_incong
2 DB,rel,532.3,Faivre et al._2014_2_cong
2 DB,unrel,696.3,Faivre et al._2014_2_cong
2 DB,unrel,499.1,Faivre et al._2014_2_cong
2 DB,rel,682.3,Faivre et al._2014_2_incong
2 DB,rel,354.7,Faivre et al._2014_2_cong
20 tw,unrel,1220.6,Faivre et al._2014_2_incong
20 tw,rel,504,Faivre et al._2014_2_incong
20 tw,rel,559.4,Faivre et al._2014_2_cong
20 tw,rel,552.8,Faivre et al._2014_2_incong
20 tw,unrel,717.6,Faivre et al._2014_2_cong
20 tw,unrel,657.2,Faivre et al._2014_2_incong
20 tw,rel,577,Faivre et al._2014_2_incong
20 tw,unrel,711.5,Faivre et al._2014_2_incong
20 tw,unrel,871,Faivre et al._2014_2_incong
20 tw,rel,994.4,Faivre et al._2014_2_incong
20 tw,unrel,579.1,Faivre et al._2014_2_incong
20 tw,unrel,1010.8,Faivre et al._2014_2_incong
20 tw,unrel,1041.6,Faivre et al._2014_2_incong
20 tw,rel,708.7,Faivre et al._2014_2_cong
20 tw,rel,843.4,Faivre et al._2014_2_incong
20 tw,unrel,783.3,Faivre et al._2014_2_cong
20 tw,rel,883.4,Faivre et al._2014_2_incong
20 tw,unrel,590.6,Faivre et al._2014_2_incong
20 tw,unrel,709.2,Faivre et al._2014_2_incong
20 tw,rel,623.5,Faivre et al._2014_2_cong
20 tw,rel,694.5,Faivre et al._2014_2_incong
20 tw,unrel,587.1,Faivre et al._2014_2_cong
20 tw,unrel,534.3,Faivre et al._2014_2_cong
20 tw,unrel,543.3,Faivre et al._2014_2_incong
20 tw,unrel,473,Faivre et al._2014_2_incong
20 tw,rel,668.3,Faivre et al._2014_2_incong
20 tw,unrel,852.5,Faivre et al._2014_2_incong
20 tw,unrel,419.7,Faivre et al._2014_2_cong
20 tw,unrel,490.1,Faivre et al._2014_2_incong
20 tw,unrel,669.6,Faivre et al._2014_2_incong
20 tw,rel,448.1,Faivre et al._2014_2_cong
20 tw,rel,514.5,Faivre et al._2014_2_incong
20 tw,unrel,364.7,Faivre et al._2014_2_cong
20 tw,rel,435.7,Faivre et al._2014_2_cong
20 tw,unrel,498.1,Faivre et al._2014_2_cong
20 tw,rel,458.1,Faivre et al._2014_2_cong
20 tw,rel,409.7,Faivre et al._2014_2_cong
20 tw,rel,509.8,Faivre et al._2014_2_cong
20 tw,unrel,512.5,Faivre et al._2014_2_incong
20 tw,rel,523.2,Faivre et al._2014_2_cong
20 tw,unrel,393,Faivre et al._2014_2_cong
20 tw,rel,563.8,Faivre et al._2014_2_incong
20 tw,rel,523.6,Faivre et al._2014_2_cong
20 tw,unrel,749.4,Faivre et al._2014_2_incong
20 tw,unrel,600.9,Faivre et al._2014_2_incong
20 tw,unrel,539.5,Faivre et al._2014_2_cong
20 tw,rel,561.2,Faivre et al._2014_2_cong
20 tw,rel,734.5,Faivre et al._2014_2_incong
20 tw,unrel,723,Faivre et al._2014_2_incong
20 tw,rel,882.5,Faivre et al._2014_2_incong
20 tw,unrel,617.7,Faivre et al._2014_2_incong
20 tw,rel,600.5,Faivre et al._2014_2_cong
20 tw,rel,488.8,Faivre et al._2014_2_incong
20 tw,rel,728.1,Faivre et al._2014_2_incong
20 tw,rel,516.7,Faivre et al._2014_2_cong
20 tw,unrel,561.2,Faivre et al._2014_2_incong
20 tw,unrel,787.9,Faivre et al._2014_2_incong
20 tw,unrel,644.7,Faivre et al._2014_2_cong
20 tw,rel,479.4,Faivre et al._2014_2_cong
20 tw,unrel,581.6,Faivre et al._2014_2_incong
20 tw,rel,718.3,Faivre et al._2014_2_cong
20 tw,rel,595.2,Faivre et al._2014_2_incong
20 tw,rel,608.7,Faivre et al._2014_2_cong
20 tw,unrel,613,Faivre et al._2014_2_cong
20 tw,rel,561.1,Faivre et al._2014_2_cong
20 tw,unrel,586.2,Faivre et al._2014_2_cong
20 tw,unrel,533.5,Faivre et al._2014_2_incong
20 tw,rel,455.7,Faivre et al._2014_2_incong
20 tw,rel,537.8,Faivre et al._2014_2_incong
20 tw,rel,435,Faivre et al._2014_2_cong
20 tw,unrel,799,Faivre et al._2014_2_incong
20 tw,rel,614.5,Faivre et al._2014_2_cong
20 tw,rel,546.9,Faivre et al._2014_2_incong
20 tw,unrel,708.5,Faivre et al._2014_2_incong
20 tw,unrel,697.1,Faivre et al._2014_2_incong
20 tw,rel,682.6,Faivre et al._2014_2_incong
20 tw,unrel,519.1,Faivre et al._2014_2_cong
20 tw,rel,1165.1,Faivre et al._2014_2_cong
20 tw,rel,663.7,Faivre et al._2014_2_incong
20 tw,unrel,431.2,Faivre et al._2014_2_cong
20 tw,rel,702.8,Faivre et al._2014_2_incong
20 tw,rel,882.5,Faivre et al._2014_2_incong
20 tw,unrel,927.2,Faivre et al._2014_2_cong
20 tw,unrel,504.6,Faivre et al._2014_2_cong
20 tw,unrel,549.9,Faivre et al._2014_2_incong
21 vs,unrel,569.1,Faivre et al._2014_2_cong
21 vs,unrel,1149.9,Faivre et al._2014_2_incong
21 vs,rel,684.2,Faivre et al._2014_2_incong
21 vs,rel,780.7,Faivre et al._2014_2_cong
21 vs,unrel,909.6,Faivre et al._2014_2_incong
21 vs,rel,2142.2,Faivre et al._2014_2_incong
21 vs,rel,586.6,Faivre et al._2014_2_incong
21 vs,rel,584.8,Faivre et al._2014_2_cong
21 vs,rel,1152,Faivre et al._2014_2_cong
21 vs,unrel,739,Faivre et al._2014_2_incong
21 vs,rel,664.3,Faivre et al._2014_2_incong
21 vs,unrel,529.3,Faivre et al._2014_2_cong
21 vs,rel,1167,Faivre et al._2014_2_cong
21 vs,rel,636.5,Faivre et al._2014_2_cong
21 vs,unrel,1670.8,Faivre et al._2014_2_incong
21 vs,rel,732.9,Faivre et al._2014_2_cong
21 vs,unrel,639.6,Faivre et al._2014_2_cong
21 vs,rel,773.2,Faivre et al._2014_2_cong
21 vs,rel,1390.6,Faivre et al._2014_2_incong
21 vs,rel,948.2,Faivre et al._2014_2_incong
21 vs,rel,629.2,Faivre et al._2014_2_cong
21 vs,rel,1462.9,Faivre et al._2014_2_incong
21 vs,unrel,690.1,Faivre et al._2014_2_cong
21 vs,unrel,569.3,Faivre et al._2014_2_incong
21 vs,unrel,1632.2,Faivre et al._2014_2_incong
21 vs,unrel,1358.8,Faivre et al._2014_2_incong
21 vs,unrel,544.4,Faivre et al._2014_2_cong
21 vs,rel,676.4,Faivre et al._2014_2_incong
21 vs,rel,457.1,Faivre et al._2014_2_incong
21 vs,unrel,2090,Faivre et al._2014_2_incong
21 vs,rel,734.5,Faivre et al._2014_2_cong
21 vs,unrel,662.5,Faivre et al._2014_2_cong
21 vs,unrel,667.6,Faivre et al._2014_2_cong
21 vs,unrel,950.4,Faivre et al._2014_2_cong
21 vs,rel,862.3,Faivre et al._2014_2_incong
21 vs,unrel,497.7,Faivre et al._2014_2_incong
21 vs,rel,923.6,Faivre et al._2014_2_cong
21 vs,unrel,719.8,Faivre et al._2014_2_cong
21 vs,rel,836.2,Faivre et al._2014_2_cong
21 vs,rel,862.9,Faivre et al._2014_2_incong
21 vs,rel,783.6,Faivre et al._2014_2_cong
21 vs,rel,578.8,Faivre et al._2014_2_cong
21 vs,unrel,1324.2,Faivre et al._2014_2_cong
21 vs,unrel,741.8,Faivre et al._2014_2_incong
21 vs,unrel,767.6,Faivre et al._2014_2_incong
21 vs,rel,1591.1,Faivre et al._2014_2_incong
21 vs,unrel,587.2,Faivre et al._2014_2_incong
21 vs,unrel,632.4,Faivre et al._2014_2_incong
21 vs,rel,734.9,Faivre et al._2014_2_cong
21 vs,unrel,579,Faivre et al._2014_2_incong
21 vs,rel,483.7,Faivre et al._2014_2_cong
21 vs,rel,996.9,Faivre et al._2014_2_incong
21 vs,unrel,551.8,Faivre et al._2014_2_cong
21 vs,unrel,399.3,Faivre et al._2014_2_incong
21 vs,unrel,799,Faivre et al._2014_2_cong
21 vs,rel,1500.2,Faivre et al._2014_2_incong
21 vs,rel,1204,Faivre et al._2014_2_cong
21 vs,unrel,496.1,Faivre et al._2014_2_incong
21 vs,rel,1262.8,Faivre et al._2014_2_incong
21 vs,unrel,1143.7,Faivre et al._2014_2_incong
21 vs,unrel,596.3,Faivre et al._2014_2_cong
21 vs,unrel,1212.4,Faivre et al._2014_2_incong
21 vs,rel,581.9,Faivre et al._2014_2_cong
21 vs,rel,997.6,Faivre et al._2014_2_incong
21 vs,rel,650.1,Faivre et al._2014_2_cong
21 vs,rel,572.6,Faivre et al._2014_2_incong
21 vs,rel,1036.2,Faivre et al._2014_2_incong
21 vs,rel,933.6,Faivre et al._2014_2_incong
21 vs,unrel,1087.3,Faivre et al._2014_2_incong
21 vs,rel,808.8,Faivre et al._2014_2_cong
21 vs,rel,445.8,Faivre et al._2014_2_incong
21 vs,unrel,617.4,Faivre et al._2014_2_cong
21 vs,rel,514.4,Faivre et al._2014_2_incong
21 vs,unrel,679.2,Faivre et al._2014_2_cong
21 vs,rel,638.4,Faivre et al._2014_2_incong
21 vs,unrel,617.1,Faivre et al._2014_2_cong
21 vs,rel,512.4,Faivre et al._2014_2_incong
21 vs,unrel,485.3,Faivre et al._2014_2_incong
21 vs,rel,896.7,Faivre et al._2014_2_cong
21 vs,unrel,787,Faivre et al._2014_2_incong
21 vs,unrel,517.7,Faivre et al._2014_2_cong
21 vs,rel,507.9,Faivre et al._2014_2_cong
21 vs,unrel,588.5,Faivre et al._2014_2_cong
21 vs,rel,617.5,Faivre et al._2014_2_cong
21 vs,rel,466.1,Faivre et al._2014_2_incong
21 vs,unrel,551.1,Faivre et al._2014_2_incong
22 ya,unrel,1772.6,Faivre et al._2014_2_cong
22 ya,unrel,2724.1,Faivre et al._2014_2_incong
22 ya,rel,1139.9,Faivre et al._2014_2_incong
22 ya,rel,1386.7,Faivre et al._2014_2_incong
22 ya,rel,1582.5,Faivre et al._2014_2_cong
22 ya,unrel,1460,Faivre et al._2014_2_cong
22 ya,unrel,1466.3,Faivre et al._2014_2_cong
22 ya,unrel,1071.2,Faivre et al._2014_2_cong
22 ya,unrel,1223.8,Faivre et al._2014_2_cong
22 ya,rel,1317.6,Faivre et al._2014_2_incong
22 ya,rel,790,Faivre et al._2014_2_cong
22 ya,unrel,2154.8,Faivre et al._2014_2_cong
22 ya,rel,1322.6,Faivre et al._2014_2_incong
22 ya,rel,2344.5,Faivre et al._2014_2_cong
22 ya,rel,2610.5,Faivre et al._2014_2_cong
22 ya,unrel,2366,Faivre et al._2014_2_incong
22 ya,unrel,2416.3,Faivre et al._2014_2_incong
22 ya,rel,2113.1,Faivre et al._2014_2_cong
22 ya,rel,2535.6,Faivre et al._2014_2_cong
22 ya,unrel,1138.7,Faivre et al._2014_2_cong
22 ya,unrel,2338.7,Faivre et al._2014_2_incong
22 ya,unrel,2227.2,Faivre et al._2014_2_cong
22 ya,rel,2716.5,Faivre et al._2014_2_incong
22 ya,unrel,1989.5,Faivre et al._2014_2_incong
22 ya,unrel,2043.4,Faivre et al._2014_2_incong
22 ya,unrel,2291.6,Faivre et al._2014_2_cong
22 ya,unrel,1272.5,Faivre et al._2014_2_cong
22 ya,rel,1031.5,Faivre et al._2014_2_incong
22 ya,rel,1039.8,Faivre et al._2014_2_incong
22 ya,unrel,678.9,Faivre et al._2014_2_incong
22 ya,unrel,1096.8,Faivre et al._2014_2_cong
22 ya,unrel,2350.3,Faivre et al._2014_2_cong
22 ya,rel,1735.3,Faivre et al._2014_2_incong
22 ya,rel,1094.5,Faivre et al._2014_2_cong
22 ya,unrel,1564.5,Faivre et al._2014_2_incong
22 ya,unrel,1445.4,Faivre et al._2014_2_cong
22 ya,rel,1106.4,Faivre et al._2014_2_cong
22 ya,rel,1102,Faivre et al._2014_2_cong
22 ya,rel,2429.7,Faivre et al._2014_2_cong
22 ya,unrel,2307.5,Faivre et al._2014_2_incong
22 ya,unrel,1241.7,Faivre et al._2014_2_incong
22 ya,unrel,2471.4,Faivre et al._2014_2_incong
22 ya,rel,691.5,Faivre et al._2014_2_incong
22 ya,unrel,1984.7,Faivre et al._2014_2_cong
22 ya,rel,1144.6,Faivre et al._2014_2_cong
22 ya,rel,854,Faivre et al._2014_2_cong
22 ya,unrel,1646.7,Faivre et al._2014_2_incong
22 ya,unrel,1574.3,Faivre et al._2014_2_cong
22 ya,rel,1788.2,Faivre et al._2014_2_incong
22 ya,rel,1729.2,Faivre et al._2014_2_cong
22 ya,rel,1097.3,Faivre et al._2014_2_cong
22 ya,rel,1305.9,Faivre et al._2014_2_incong
22 ya,unrel,851.8,Faivre et al._2014_2_incong
22 ya,unrel,818.1,Faivre et al._2014_2_incong
22 ya,rel,1290.3,Faivre et al._2014_2_incong
22 ya,unrel,975.9,Faivre et al._2014_2_cong
22 ya,rel,1231.4,Faivre et al._2014_2_cong
22 ya,unrel,1118.3,Faivre et al._2014_2_cong
22 ya,rel,2894.8,Faivre et al._2014_2_cong
22 ya,unrel,1002.1,Faivre et al._2014_2_cong
22 ya,rel,1785.6,Faivre et al._2014_2_incong
22 ya,rel,904.7,Faivre et al._2014_2_cong
22 ya,rel,1397.7,Faivre et al._2014_2_incong
22 ya,rel,1806,Faivre et al._2014_2_cong
22 ya,rel,1179.9,Faivre et al._2014_2_cong
22 ya,unrel,928.7,Faivre et al._2014_2_incong
22 ya,rel,1535.9,Faivre et al._2014_2_incong
22 ya,unrel,851.7,Faivre et al._2014_2_cong
22 ya,rel,865.4,Faivre et al._2014_2_incong
22 ya,rel,1582,Faivre et al._2014_2_incong
22 ya,rel,1338.9,Faivre et al._2014_2_cong
22 ya,rel,1124.3,Faivre et al._2014_2_cong
3 JL,rel,1627,Faivre et al._2014_2_cong
3 JL,rel,1097.2,Faivre et al._2014_2_incong
3 JL,rel,1162.3,Faivre et al._2014_2_incong
3 JL,rel,765.5,Faivre et al._2014_2_incong
3 JL,unrel,944.7,Faivre et al._2014_2_cong
3 JL,rel,1005.5,Faivre et al._2014_2_incong
3 JL,rel,931.2,Faivre et al._2014_2_cong
3 JL,rel,834.1,Faivre et al._2014_2_cong
3 JL,unrel,1669.5,Faivre et al._2014_2_cong
3 JL,rel,1289.1,Faivre et al._2014_2_cong
3 JL,rel,715.6,Faivre et al._2014_2_incong
3 JL,unrel,618.8,Faivre et al._2014_2_cong
3 JL,unrel,1007.7,Faivre et al._2014_2_incong
3 JL,unrel,789.7,Faivre et al._2014_2_cong
3 JL,rel,945.4,Faivre et al._2014_2_incong
3 JL,rel,1503.7,Faivre et al._2014_2_incong
3 JL,unrel,820.7,Faivre et al._2014_2_cong
3 JL,unrel,1070.4,Faivre et al._2014_2_incong
3 JL,rel,843.4,Faivre et al._2014_2_cong
3 JL,unrel,684.5,Faivre et al._2014_2_incong
3 JL,rel,824.7,Faivre et al._2014_2_incong
3 JL,unrel,898.3,Faivre et al._2014_2_cong
3 JL,unrel,1481.3,Faivre et al._2014_2_incong
3 JL,rel,1214,Faivre et al._2014_2_cong
3 JL,unrel,807.2,Faivre et al._2014_2_incong
3 JL,unrel,1608.3,Faivre et al._2014_2_cong
3 JL,unrel,751.5,Faivre et al._2014_2_incong
3 JL,rel,822.3,Faivre et al._2014_2_incong
3 JL,rel,1093.2,Faivre et al._2014_2_incong
3 JL,unrel,780.5,Faivre et al._2014_2_incong
3 JL,rel,1019.1,Faivre et al._2014_2_cong
3 JL,rel,1568.6,Faivre et al._2014_2_incong
3 JL,unrel,750.6,Faivre et al._2014_2_cong
3 JL,unrel,862.5,Faivre et al._2014_2_cong
3 JL,rel,684.7,Faivre et al._2014_2_incong
3 JL,unrel,1468.5,Faivre et al._2014_2_cong
3 JL,unrel,1941.7,Faivre et al._2014_2_incong
3 JL,unrel,792.5,Faivre et al._2014_2_incong
3 JL,rel,712.4,Faivre et al._2014_2_incong
3 JL,rel,925.1,Faivre et al._2014_2_cong
3 JL,rel,932.2,Faivre et al._2014_2_incong
3 JL,rel,2188.3,Faivre et al._2014_2_cong
3 JL,rel,1570.8,Faivre et al._2014_2_incong
3 JL,rel,1145,Faivre et al._2014_2_incong
3 JL,rel,1272.9,Faivre et al._2014_2_incong
3 JL,rel,1736.6,Faivre et al._2014_2_cong
3 JL,unrel,566.6,Faivre et al._2014_2_incong
3 JL,unrel,832.5,Faivre et al._2014_2_incong
3 JL,unrel,1356.2,Faivre et al._2014_2_cong
3 JL,unrel,1273.1,Faivre et al._2014_2_cong
3 JL,unrel,838.2,Faivre et al._2014_2_incong
3 JL,rel,1435.1,Faivre et al._2014_2_cong
3 JL,rel,1416.7,Faivre et al._2014_2_incong
3 JL,unrel,1479.9,Faivre et al._2014_2_incong
3 JL,rel,803.9,Faivre et al._2014_2_incong
3 JL,rel,1732.3,Faivre et al._2014_2_cong
3 JL,unrel,767.3,Faivre et al._2014_2_incong
3 JL,unrel,869.2,Faivre et al._2014_2_incong
3 JL,rel,1470.9,Faivre et al._2014_2_incong
3 JL,unrel,1208.2,Faivre et al._2014_2_incong
3 JL,unrel,1089.1,Faivre et al._2014_2_incong
3 JL,rel,904.3,Faivre et al._2014_2_incong
3 JL,rel,1964.5,Faivre et al._2014_2_cong
3 JL,rel,848.7,Faivre et al._2014_2_cong
3 JL,unrel,1106.5,Faivre et al._2014_2_incong
3 JL,rel,951.7,Faivre et al._2014_2_incong
3 JL,unrel,835.8,Faivre et al._2014_2_cong
3 JL,unrel,898.9,Faivre et al._2014_2_incong
3 JL,unrel,1579.3,Faivre et al._2014_2_incong
3 JL,unrel,1322.1,Faivre et al._2014_2_cong
3 JL,rel,2171.1,Faivre et al._2014_2_cong
3 JL,unrel,1597.1,Faivre et al._2014_2_incong
3 JL,rel,980,Faivre et al._2014_2_incong
3 JL,rel,915.7,Faivre et al._2014_2_cong
3 JL,rel,815.1,Faivre et al._2014_2_incong
3 JL,rel,570.9,Faivre et al._2014_2_incong
3 JL,rel,597.8,Faivre et al._2014_2_cong
3 JL,unrel,829.7,Faivre et al._2014_2_incong
3 JL,unrel,977.6,Faivre et al._2014_2_cong
3 JL,unrel,1105.4,Faivre et al._2014_2_incong
3 JL,unrel,1907.8,Faivre et al._2014_2_cong
3 JL,unrel,1835.3,Faivre et al._2014_2_cong
3 JL,rel,1226.6,Faivre et al._2014_2_incong
3 JL,unrel,2271.5,Faivre et al._2014_2_incong
3 JL,unrel,782.8,Faivre et al._2014_2_cong
3 JL,rel,2101.2,Faivre et al._2014_2_cong
4 MB,rel,461.7,Faivre et al._2014_2_incong
4 MB,unrel,476.2,Faivre et al._2014_2_cong
4 MB,unrel,598.5,Faivre et al._2014_2_cong
4 MB,unrel,584.3,Faivre et al._2014_2_cong
4 MB,unrel,431.1,Faivre et al._2014_2_cong
4 MB,rel,688.9,Faivre et al._2014_2_cong
4 MB,rel,411.8,Faivre et al._2014_2_cong
4 MB,rel,888.5,Faivre et al._2014_2_incong
4 MB,rel,651.1,Faivre et al._2014_2_cong
4 MB,rel,904.3,Faivre et al._2014_2_incong
4 MB,unrel,1187.1,Faivre et al._2014_2_incong
4 MB,unrel,566.6,Faivre et al._2014_2_cong
4 MB,unrel,705.6,Faivre et al._2014_2_incong
4 MB,rel,1031.6,Faivre et al._2014_2_incong
4 MB,unrel,550,Faivre et al._2014_2_cong
4 MB,unrel,837.7,Faivre et al._2014_2_cong
4 MB,rel,519.8,Faivre et al._2014_2_incong
4 MB,rel,454.7,Faivre et al._2014_2_cong
4 MB,rel,585.5,Faivre et al._2014_2_cong
4 MB,rel,526.3,Faivre et al._2014_2_cong
4 MB,unrel,644.9,Faivre et al._2014_2_incong
4 MB,rel,477.5,Faivre et al._2014_2_incong
4 MB,rel,463,Faivre et al._2014_2_incong
4 MB,unrel,500,Faivre et al._2014_2_incong
4 MB,rel,506.1,Faivre et al._2014_2_cong
4 MB,unrel,518.1,Faivre et al._2014_2_cong
4 MB,unrel,588.7,Faivre et al._2014_2_cong
4 MB,unrel,643.7,Faivre et al._2014_2_incong
4 MB,unrel,652.3,Faivre et al._2014_2_cong
4 MB,unrel,764.9,Faivre et al._2014_2_cong
4 MB,unrel,543.8,Faivre et al._2014_2_incong
4 MB,unrel,566.8,Faivre et al._2014_2_cong
4 MB,rel,529.4,Faivre et al._2014_2_cong
4 MB,unrel,452.1,Faivre et al._2014_2_cong
4 MB,unrel,479.2,Faivre et al._2014_2_incong
4 MB,unrel,426.2,Faivre et al._2014_2_cong
4 MB,unrel,399.4,Faivre et al._2014_2_incong
4 MB,rel,479.6,Faivre et al._2014_2_cong
4 MB,rel,535.5,Faivre et al._2014_2_cong
4 MB,unrel,458.2,Faivre et al._2014_2_incong
4 MB,rel,481.8,Faivre et al._2014_2_incong
4 MB,unrel,335.2,Faivre et al._2014_2_incong
4 MB,unrel,382.3,Faivre et al._2014_2_incong
4 MB,unrel,443,Faivre et al._2014_2_cong
4 MB,rel,557.4,Faivre et al._2014_2_incong
4 MB,rel,436.2,Faivre et al._2014_2_incong
4 MB,unrel,452.5,Faivre et al._2014_2_cong
4 MB,unrel,424.4,Faivre et al._2014_2_cong
4 MB,rel,471.1,Faivre et al._2014_2_incong
4 MB,rel,416.7,Faivre et al._2014_2_incong
4 MB,unrel,495.4,Faivre et al._2014_2_cong
4 MB,unrel,564.6,Faivre et al._2014_2_incong
4 MB,unrel,981.8,Faivre et al._2014_2_incong
4 MB,rel,710.7,Faivre et al._2014_2_cong
4 MB,unrel,368.2,Faivre et al._2014_2_incong
4 MB,rel,532,Faivre et al._2014_2_incong
4 MB,rel,427.2,Faivre et al._2014_2_incong
4 MB,unrel,849.5,Faivre et al._2014_2_cong
4 MB,rel,364.1,Faivre et al._2014_2_incong
4 MB,unrel,389.7,Faivre et al._2014_2_incong
4 MB,rel,596.6,Faivre et al._2014_2_cong
4 MB,rel,430.6,Faivre et al._2014_2_incong
4 MB,unrel,532.2,Faivre et al._2014_2_cong
4 MB,unrel,517.6,Faivre et al._2014_2_cong
4 MB,unrel,975,Faivre et al._2014_2_incong
4 MB,rel,635.8,Faivre et al._2014_2_cong
4 MB,unrel,567.2,Faivre et al._2014_2_cong
4 MB,rel,442.6,Faivre et al._2014_2_cong
4 MB,rel,517.8,Faivre et al._2014_2_incong
4 MB,rel,533.6,Faivre et al._2014_2_incong
4 MB,rel,356.2,Faivre et al._2014_2_incong
4 MB,rel,347,Faivre et al._2014_2_incong
4 MB,unrel,464.2,Faivre et al._2014_2_cong
4 MB,rel,350,Faivre et al._2014_2_incong
4 MB,rel,389.3,Faivre et al._2014_2_cong
4 MB,unrel,785,Faivre et al._2014_2_incong
4 MB,rel,444.9,Faivre et al._2014_2_cong
4 MB,unrel,501,Faivre et al._2014_2_cong
5 NJ,rel,2384.8,Faivre et al._2014_2_cong
5 NJ,unrel,1204.1,Faivre et al._2014_2_incong
5 NJ,unrel,905.1,Faivre et al._2014_2_cong
5 NJ,rel,1119.7,Faivre et al._2014_2_incong
5 NJ,rel,1189,Faivre et al._2014_2_incong
5 NJ,rel,744.3,Faivre et al._2014_2_incong
5 NJ,rel,1551.9,Faivre et al._2014_2_cong
5 NJ,unrel,1428.9,Faivre et al._2014_2_incong
5 NJ,unrel,1534.7,Faivre et al._2014_2_cong
5 NJ,rel,982.1,Faivre et al._2014_2_incong
5 NJ,rel,1192,Faivre et al._2014_2_cong
5 NJ,rel,2270.9,Faivre et al._2014_2_incong
5 NJ,unrel,1112,Faivre et al._2014_2_cong
5 NJ,unrel,1337.5,Faivre et al._2014_2_incong
5 NJ,unrel,940.6,Faivre et al._2014_2_incong
5 NJ,unrel,1683.8,Faivre et al._2014_2_incong
5 NJ,unrel,965.2,Faivre et al._2014_2_cong
5 NJ,unrel,717.4,Faivre et al._2014_2_incong
5 NJ,rel,1524.2,Faivre et al._2014_2_incong
5 NJ,rel,815.4,Faivre et al._2014_2_incong
5 NJ,rel,1155.7,Faivre et al._2014_2_cong
5 NJ,unrel,2728.4,Faivre et al._2014_2_cong
5 NJ,unrel,1062.8,Faivre et al._2014_2_incong
5 NJ,rel,637.2,Faivre et al._2014_2_cong
5 NJ,unrel,1594.4,Faivre et al._2014_2_incong
5 NJ,rel,801.2,Faivre et al._2014_2_incong
5 NJ,unrel,793.8,Faivre et al._2014_2_cong
5 NJ,unrel,988.2,Faivre et al._2014_2_incong
5 NJ,unrel,714.4,Faivre et al._2014_2_cong
5 NJ,rel,798.3,Faivre et al._2014_2_cong
5 NJ,rel,589.9,Faivre et al._2014_2_incong
5 NJ,rel,627.2,Faivre et al._2014_2_cong
5 NJ,rel,942,Faivre et al._2014_2_cong
5 NJ,unrel,580.1,Faivre et al._2014_2_cong
5 NJ,rel,792.7,Faivre et al._2014_2_cong
5 NJ,rel,835.4,Faivre et al._2014_2_incong
5 NJ,unrel,1607.9,Faivre et al._2014_2_incong
5 NJ,unrel,1461.6,Faivre et al._2014_2_cong
5 NJ,rel,2249.9,Faivre et al._2014_2_incong
5 NJ,unrel,1638.7,Faivre et al._2014_2_incong
5 NJ,unrel,1074.9,Faivre et al._2014_2_incong
5 NJ,rel,643.7,Faivre et al._2014_2_cong
5 NJ,rel,567.8,Faivre et al._2014_2_cong
5 NJ,unrel,920.1,Faivre et al._2014_2_cong
5 NJ,unrel,1571.1,Faivre et al._2014_2_incong
5 NJ,unrel,1732.7,Faivre et al._2014_2_cong
5 NJ,rel,843,Faivre et al._2014_2_incong
5 NJ,unrel,740.5,Faivre et al._2014_2_incong
5 NJ,rel,1774.9,Faivre et al._2014_2_cong
5 NJ,rel,1355.5,Faivre et al._2014_2_incong
5 NJ,rel,616.3,Faivre et al._2014_2_cong
5 NJ,rel,1256.3,Faivre et al._2014_2_cong
5 NJ,rel,751,Faivre et al._2014_2_cong
5 NJ,rel,1618.4,Faivre et al._2014_2_incong
5 NJ,rel,1652.5,Faivre et al._2014_2_cong
5 NJ,rel,1470.2,Faivre et al._2014_2_incong
5 NJ,rel,729.2,Faivre et al._2014_2_cong
5 NJ,rel,1242.9,Faivre et al._2014_2_incong
5 NJ,rel,679.3,Faivre et al._2014_2_cong
5 NJ,unrel,712.1,Faivre et al._2014_2_cong
5 NJ,unrel,893.5,Faivre et al._2014_2_incong
5 NJ,unrel,839,Faivre et al._2014_2_cong
5 NJ,unrel,653.6,Faivre et al._2014_2_cong
5 NJ,rel,487.5,Faivre et al._2014_2_cong
5 NJ,rel,1371.3,Faivre et al._2014_2_incong
5 NJ,unrel,1053.9,Faivre et al._2014_2_cong
5 NJ,unrel,1131.5,Faivre et al._2014_2_incong
5 NJ,unrel,990.5,Faivre et al._2014_2_cong
5 NJ,unrel,617.9,Faivre et al._2014_2_cong
5 NJ,unrel,940.9,Faivre et al._2014_2_incong
5 NJ,rel,1972.7,Faivre et al._2014_2_incong
5 NJ,unrel,1079.2,Faivre et al._2014_2_incong
5 NJ,rel,1688.5,Faivre et al._2014_2_incong
5 NJ,rel,642.7,Faivre et al._2014_2_incong
5 NJ,rel,1556.2,Faivre et al._2014_2_cong
5 NJ,rel,1431.9,Faivre et al._2014_2_cong
5 NJ,rel,1219.5,Faivre et al._2014_2_incong
5 NJ,unrel,649,Faivre et al._2014_2_cong
5 NJ,unrel,620.3,Faivre et al._2014_2_cong
5 NJ,unrel,474.9,Faivre et al._2014_2_cong
5 NJ,rel,475.5,Faivre et al._2014_2_cong
5 NJ,rel,511.1,Faivre et al._2014_2_cong
5 NJ,unrel,664.7,Faivre et al._2014_2_incong
5 NJ,unrel,837.8,Faivre et al._2014_2_incong
6 af,rel,621.2,Faivre et al._2014_2_cong
6 af,unrel,711.5,Faivre et al._2014_2_incong
6 af,rel,1265.7,Faivre et al._2014_2_incong
6 af,rel,852.7,Faivre et al._2014_2_incong
6 af,rel,887.7,Faivre et al._2014_2_incong
6 af,unrel,614.2,Faivre et al._2014_2_incong
6 af,rel,896.2,Faivre et al._2014_2_cong
6 af,rel,896.7,Faivre et al._2014_2_incong
6 af,unrel,1590.4,Faivre et al._2014_2_cong
6 af,unrel,1162.3,Faivre et al._2014_2_incong
6 af,rel,621.9,Faivre et al._2014_2_cong
6 af,unrel,880.4,Faivre et al._2014_2_incong
6 af,rel,738.8,Faivre et al._2014_2_incong
6 af,unrel,1135.7,Faivre et al._2014_2_cong
6 af,rel,945.5,Faivre et al._2014_2_incong
6 af,unrel,780.2,Faivre et al._2014_2_cong
6 af,unrel,977.6,Faivre et al._2014_2_incong
6 af,rel,542,Faivre et al._2014_2_cong
6 af,unrel,1861.1,Faivre et al._2014_2_incong
6 af,rel,803.4,Faivre et al._2014_2_incong
6 af,unrel,671.8,Faivre et al._2014_2_cong
6 af,unrel,765.6,Faivre et al._2014_2_cong
6 af,rel,1039.2,Faivre et al._2014_2_cong
6 af,unrel,1020.4,Faivre et al._2014_2_incong
6 af,unrel,565.2,Faivre et al._2014_2_cong
6 af,rel,580.3,Faivre et al._2014_2_cong
6 af,unrel,901,Faivre et al._2014_2_cong
6 af,unrel,718.3,Faivre et al._2014_2_cong
6 af,rel,820.3,Faivre et al._2014_2_cong
6 af,unrel,459,Faivre et al._2014_2_cong
6 af,rel,1032.2,Faivre et al._2014_2_cong
6 af,unrel,977.9,Faivre et al._2014_2_incong
6 af,unrel,1059.7,Faivre et al._2014_2_cong
6 af,rel,1169.5,Faivre et al._2014_2_cong
6 af,unrel,1116.8,Faivre et al._2014_2_cong
6 af,rel,1102.7,Faivre et al._2014_2_cong
6 af,unrel,768.5,Faivre et al._2014_2_cong
6 af,unrel,1396,Faivre et al._2014_2_incong
6 af,rel,1077.4,Faivre et al._2014_2_incong
6 af,unrel,723.6,Faivre et al._2014_2_incong
6 af,rel,597.9,Faivre et al._2014_2_cong
6 af,unrel,716,Faivre et al._2014_2_incong
6 af,unrel,1306.6,Faivre et al._2014_2_incong
6 af,rel,1190.5,Faivre et al._2014_2_incong
6 af,rel,611.6,Faivre et al._2014_2_incong
6 af,unrel,661.6,Faivre et al._2014_2_cong
6 af,rel,731.1,Faivre et al._2014_2_cong
6 af,rel,2326.3,Faivre et al._2014_2_incong
6 af,unrel,1209.3,Faivre et al._2014_2_incong
6 af,unrel,1044.8,Faivre et al._2014_2_incong
6 af,rel,873.7,Faivre et al._2014_2_cong
6 af,rel,643.8,Faivre et al._2014_2_incong
6 af,rel,633.2,Faivre et al._2014_2_cong
6 af,rel,1324,Faivre et al._2014_2_incong
6 af,unrel,1163,Faivre et al._2014_2_incong
6 af,rel,1388.3,Faivre et al._2014_2_incong
6 af,unrel,2300.2,Faivre et al._2014_2_incong
6 af,unrel,654.7,Faivre et al._2014_2_incong
6 af,unrel,1327.1,Faivre et al._2014_2_cong
6 af,unrel,1131.5,Faivre et al._2014_2_cong
6 af,rel,3207.7,Faivre et al._2014_2_cong
6 af,rel,979.2,Faivre et al._2014_2_cong
6 af,rel,2223.1,Faivre et al._2014_2_cong
6 af,rel,937.5,Faivre et al._2014_2_incong
6 af,unrel,1242.2,Faivre et al._2014_2_cong
6 af,unrel,1326.7,Faivre et al._2014_2_incong
6 af,rel,1210,Faivre et al._2014_2_incong
6 af,unrel,1657.6,Faivre et al._2014_2_cong
6 af,rel,1071.1,Faivre et al._2014_2_incong
6 af,unrel,1942.6,Faivre et al._2014_2_incong
6 af,unrel,997.1,Faivre et al._2014_2_cong
6 af,rel,930.1,Faivre et al._2014_2_incong
6 af,rel,961.3,Faivre et al._2014_2_cong
6 af,unrel,617.8,Faivre et al._2014_2_incong
6 af,rel,665.6,Faivre et al._2014_2_cong
6 af,unrel,1067.6,Faivre et al._2014_2_cong
6 af,unrel,813.8,Faivre et al._2014_2_cong
6 af,rel,853.7,Faivre et al._2014_2_incong
6 af,rel,1522.7,Faivre et al._2014_2_cong
6 af,rel,963,Faivre et al._2014_2_incong
6 af,rel,1809.1,Faivre et al._2014_2_cong
6 af,unrel,682,Faivre et al._2014_2_cong
6 af,unrel,659.6,Faivre et al._2014_2_incong
6 af,unrel,1013,Faivre et al._2014_2_cong
7 as,rel,700.7,Faivre et al._2014_2_cong
7 as,unrel,763.9,Faivre et al._2014_2_cong
7 as,rel,1050,Faivre et al._2014_2_incong
7 as,unrel,991.4,Faivre et al._2014_2_incong
7 as,rel,844.3,Faivre et al._2014_2_cong
7 as,rel,793,Faivre et al._2014_2_incong
7 as,rel,1228.4,Faivre et al._2014_2_cong
7 as,rel,855,Faivre et al._2014_2_incong
7 as,unrel,966.3,Faivre et al._2014_2_incong
7 as,rel,1183,Faivre et al._2014_2_cong
7 as,unrel,848.7,Faivre et al._2014_2_incong
7 as,unrel,875.6,Faivre et al._2014_2_cong
7 as,rel,740,Faivre et al._2014_2_cong
7 as,rel,968.2,Faivre et al._2014_2_incong
7 as,unrel,669.6,Faivre et al._2014_2_incong
7 as,unrel,978.9,Faivre et al._2014_2_cong
7 as,unrel,1230.3,Faivre et al._2014_2_cong
7 as,unrel,1205.9,Faivre et al._2014_2_cong
7 as,rel,1020.3,Faivre et al._2014_2_incong
7 as,unrel,1598.9,Faivre et al._2014_2_incong
7 as,rel,734.4,Faivre et al._2014_2_cong
7 as,unrel,1359.6,Faivre et al._2014_2_incong
7 as,rel,827.4,Faivre et al._2014_2_cong
7 as,rel,570,Faivre et al._2014_2_cong
7 as,rel,765.1,Faivre et al._2014_2_cong
7 as,unrel,718.9,Faivre et al._2014_2_cong
7 as,rel,903.7,Faivre et al._2014_2_incong
7 as,rel,873.3,Faivre et al._2014_2_incong
7 as,unrel,1112.6,Faivre et al._2014_2_cong
7 as,unrel,898.2,Faivre et al._2014_2_cong
7 as,unrel,806.3,Faivre et al._2014_2_cong
7 as,rel,746.4,Faivre et al._2014_2_cong
7 as,unrel,685.5,Faivre et al._2014_2_incong
7 as,rel,740.6,Faivre et al._2014_2_cong
7 as,unrel,814.8,Faivre et al._2014_2_incong
7 as,unrel,624.9,Faivre et al._2014_2_cong
7 as,rel,644.4,Faivre et al._2014_2_cong
7 as,rel,686.1,Faivre et al._2014_2_incong
7 as,rel,621.8,Faivre et al._2014_2_cong
7 as,rel,676.1,Faivre et al._2014_2_cong
7 as,rel,759.9,Faivre et al._2014_2_incong
7 as,unrel,637.8,Faivre et al._2014_2_incong
7 as,rel,578.9,Faivre et al._2014_2_incong
7 as,unrel,1410.7,Faivre et al._2014_2_incong
7 as,unrel,629.3,Faivre et al._2014_2_cong
7 as,rel,782.6,Faivre et al._2014_2_incong
7 as,rel,584.2,Faivre et al._2014_2_incong
7 as,rel,697.8,Faivre et al._2014_2_incong
7 as,unrel,704.8,Faivre et al._2014_2_cong
7 as,rel,1793.9,Faivre et al._2014_2_incong
7 as,rel,669,Faivre et al._2014_2_cong
7 as,rel,1000.5,Faivre et al._2014_2_cong
7 as,unrel,697.4,Faivre et al._2014_2_cong
7 as,rel,625.1,Faivre et al._2014_2_cong
7 as,unrel,1189,Faivre et al._2014_2_incong
7 as,unrel,947.3,Faivre et al._2014_2_incong
7 as,unrel,1052.8,Faivre et al._2014_2_cong
7 as,unrel,805.9,Faivre et al._2014_2_cong
7 as,rel,571.5,Faivre et al._2014_2_incong
7 as,rel,767.3,Faivre et al._2014_2_incong
7 as,unrel,791.1,Faivre et al._2014_2_cong
7 as,rel,521.7,Faivre et al._2014_2_cong
7 as,unrel,725.2,Faivre et al._2014_2_incong
7 as,unrel,1927.5,Faivre et al._2014_2_incong
7 as,rel,743.3,Faivre et al._2014_2_cong
7 as,rel,630.5,Faivre et al._2014_2_cong
7 as,unrel,890.1,Faivre et al._2014_2_cong
7 as,rel,595.6,Faivre et al._2014_2_cong
7 as,unrel,840.3,Faivre et al._2014_2_incong
7 as,rel,935.7,Faivre et al._2014_2_incong
7 as,rel,691.6,Faivre et al._2014_2_cong
7 as,unrel,563.4,Faivre et al._2014_2_cong
7 as,rel,653.1,Faivre et al._2014_2_cong
7 as,unrel,770.7,Faivre et al._2014_2_cong
7 as,rel,618,Faivre et al._2014_2_incong
7 as,unrel,592.9,Faivre et al._2014_2_cong
7 as,rel,642.7,Faivre et al._2014_2_incong
7 as,rel,755.6,Faivre et al._2014_2_cong
7 as,unrel,666,Faivre et al._2014_2_cong
7 as,rel,639.9,Faivre et al._2014_2_incong
7 as,rel,611.4,Faivre et al._2014_2_cong
7 as,rel,1148.7,Faivre et al._2014_2_incong
7 as,rel,682.1,Faivre et al._2014_2_incong
8 cd,unrel,1315.7,Faivre et al._2014_2_cong
8 cd,rel,1684.8,Faivre et al._2014_2_cong
8 cd,unrel,1300.5,Faivre et al._2014_2_incong
8 cd,unrel,1401.6,Faivre et al._2014_2_cong
8 cd,rel,845.8,Faivre et al._2014_2_incong
8 cd,unrel,1408.2,Faivre et al._2014_2_incong
8 cd,unrel,999.5,Faivre et al._2014_2_incong
8 cd,rel,1401.8,Faivre et al._2014_2_cong
8 cd,unrel,1824.7,Faivre et al._2014_2_cong
8 cd,rel,1598.4,Faivre et al._2014_2_incong
8 cd,unrel,1493.8,Faivre et al._2014_2_cong
8 cd,rel,3107.8,Faivre et al._2014_2_cong
8 cd,unrel,782.1,Faivre et al._2014_2_cong
8 cd,rel,1417.9,Faivre et al._2014_2_incong
8 cd,rel,1282.5,Faivre et al._2014_2_incong
8 cd,unrel,1546.6,Faivre et al._2014_2_incong
8 cd,unrel,1259.4,Faivre et al._2014_2_cong
8 cd,unrel,1431.1,Faivre et al._2014_2_incong
8 cd,rel,1250.2,Faivre et al._2014_2_cong
8 cd,unrel,1995.4,Faivre et al._2014_2_incong
8 cd,unrel,3816.9,Faivre et al._2014_2_incong
8 cd,rel,2346.2,Faivre et al._2014_2_cong
8 cd,unrel,2030.9,Faivre et al._2014_2_cong
8 cd,rel,1485.8,Faivre et al._2014_2_cong
8 cd,unrel,1842.3,Faivre et al._2014_2_incong
8 cd,rel,761.2,Faivre et al._2014_2_cong
8 cd,rel,1019.8,Faivre et al._2014_2_incong
8 cd,rel,941.2,Faivre et al._2014_2_incong
8 cd,rel,1397.9,Faivre et al._2014_2_incong
8 cd,unrel,2032.2,Faivre et al._2014_2_cong
8 cd,rel,720.1,Faivre et al._2014_2_cong
8 cd,unrel,1339.8,Faivre et al._2014_2_cong
8 cd,rel,1144.6,Faivre et al._2014_2_incong
8 cd,rel,686.9,Faivre et al._2014_2_cong
8 cd,unrel,1668.4,Faivre et al._2014_2_incong
8 cd,rel,1276.6,Faivre et al._2014_2_incong
8 cd,unrel,892.4,Faivre et al._2014_2_incong
8 cd,rel,1551.1,Faivre et al._2014_2_cong
8 cd,unrel,2116.7,Faivre et al._2014_2_cong
8 cd,rel,541.9,Faivre et al._2014_2_cong
8 cd,unrel,1075.1,Faivre et al._2014_2_cong
8 cd,unrel,1796.4,Faivre et al._2014_2_incong
8 cd,unrel,1432.7,Faivre et al._2014_2_cong
8 cd,unrel,2979.9,Faivre et al._2014_2_incong
8 cd,rel,1083.2,Faivre et al._2014_2_cong
8 cd,unrel,836.8,Faivre et al._2014_2_incong
8 cd,rel,1305,Faivre et al._2014_2_cong
8 cd,unrel,2028.3,Faivre et al._2014_2_cong
8 cd,unrel,1163.5,Faivre et al._2014_2_incong
8 cd,unrel,1879,Faivre et al._2014_2_incong
8 cd,rel,1623,Faivre et al._2014_2_incong
8 cd,unrel,1492.9,Faivre et al._2014_2_cong
8 cd,unrel,1427.1,Faivre et al._2014_2_incong
8 cd,unrel,710.9,Faivre et al._2014_2_incong
8 cd,unrel,1171.5,Faivre et al._2014_2_incong
8 cd,unrel,1994.8,Faivre et al._2014_2_incong
8 cd,rel,849.4,Faivre et al._2014_2_incong
8 cd,unrel,816,Faivre et al._2014_2_cong
8 cd,unrel,704.1,Faivre et al._2014_2_cong
8 cd,rel,2158.3,Faivre et al._2014_2_cong
8 cd,unrel,1087,Faivre et al._2014_2_incong
8 cd,unrel,638.9,Faivre et al._2014_2_incong
8 cd,rel,1331.1,Faivre et al._2014_2_cong
8 cd,rel,575.6,Faivre et al._2014_2_cong
8 cd,rel,1755,Faivre et al._2014_2_cong
8 cd,unrel,1703.3,Faivre et al._2014_2_cong
8 cd,rel,1566,Faivre et al._2014_2_cong
8 cd,rel,1180.8,Faivre et al._2014_2_incong
8 cd,rel,1648.9,Faivre et al._2014_2_incong
8 cd,rel,819.1,Faivre et al._2014_2_incong
8 cd,unrel,1509.4,Faivre et al._2014_2_cong
8 cd,rel,1817.3,Faivre et al._2014_2_incong
8 cd,unrel,655.1,Faivre et al._2014_2_cong
8 cd,rel,935.2,Faivre et al._2014_2_incong
8 cd,unrel,1408.7,Faivre et al._2014_2_cong
8 cd,rel,893.8,Faivre et al._2014_2_incong
8 cd,rel,626.3,Faivre et al._2014_2_cong
8 cd,rel,1616.6,Faivre et al._2014_2_incong
8 cd,rel,735.2,Faivre et al._2014_2_incong
8 cd,rel,2879.6,Faivre et al._2014_2_incong
8 cd,rel,846.1,Faivre et al._2014_2_incong
8 cd,rel,2046.3,Faivre et al._2014_2_cong
8 cd,rel,1402.9,Faivre et al._2014_2_cong
8 cd,unrel,1381.9,Faivre et al._2014_2_cong
9 dc,unrel,486.1,Faivre et al._2014_2_incong
9 dc,unrel,369.3,Faivre et al._2014_2_cong
9 dc,rel,386.9,Faivre et al._2014_2_cong
9 dc,unrel,350.3,Faivre et al._2014_2_incong
9 dc,rel,870.9,Faivre et al._2014_2_cong
9 dc,rel,593.8,Faivre et al._2014_2_cong
9 dc,unrel,362.5,Faivre et al._2014_2_incong
9 dc,rel,532.5,Faivre et al._2014_2_incong
9 dc,unrel,391.5,Faivre et al._2014_2_incong
9 dc,rel,355.4,Faivre et al._2014_2_incong
9 dc,unrel,482.4,Faivre et al._2014_2_cong
9 dc,rel,527.2,Faivre et al._2014_2_incong
9 dc,rel,494.8,Faivre et al._2014_2_cong
9 dc,rel,367,Faivre et al._2014_2_incong
9 dc,unrel,483.9,Faivre et al._2014_2_incong
9 dc,unrel,665.9,Faivre et al._2014_2_incong
9 dc,rel,1989,Faivre et al._2014_2_incong
9 dc,rel,369.6,Faivre et al._2014_2_cong
9 dc,rel,388.9,Faivre et al._2014_2_incong
9 dc,rel,613.9,Faivre et al._2014_2_cong
9 dc,unrel,914.6,Faivre et al._2014_2_incong
9 dc,rel,377.5,Faivre et al._2014_2_incong
9 dc,rel,345.7,Faivre et al._2014_2_incong
9 dc,unrel,438.6,Faivre et al._2014_2_cong
9 dc,rel,335.9,Faivre et al._2014_2_cong
9 dc,unrel,343.1,Faivre et al._2014_2_incong
9 dc,rel,421.4,Faivre et al._2014_2_incong
9 dc,unrel,315.6,Faivre et al._2014_2_incong
9 dc,unrel,391.3,Faivre et al._2014_2_incong
9 dc,rel,1039.1,Faivre et al._2014_2_incong
9 dc,rel,391,Faivre et al._2014_2_cong
9 dc,unrel,332.1,Faivre et al._2014_2_cong
9 dc,rel,544.6,Faivre et al._2014_2_incong
9 dc,unrel,375.1,Faivre et al._2014_2_cong
9 dc,unrel,561.1,Faivre et al._2014_2_cong
9 dc,unrel,470.4,Faivre et al._2014_2_cong
9 dc,rel,378.8,Faivre et al._2014_2_cong
9 dc,unrel,534.5,Faivre et al._2014_2_incong
9 dc,rel,749.9,Faivre et al._2014_2_incong
9 dc,rel,479,Faivre et al._2014_2_incong
9 dc,rel,546,Faivre et al._2014_2_incong
9 dc,unrel,1179.3,Faivre et al._2014_2_incong
9 dc,unrel,532.2,Faivre et al._2014_2_cong
9 dc,unrel,682.4,Faivre et al._2014_2_cong
9 dc,rel,1710.6,Faivre et al._2014_2_incong
9 dc,rel,712.8,Faivre et al._2014_2_incong
9 dc,unrel,560.5,Faivre et al._2014_2_incong
9 dc,unrel,395.9,Faivre et al._2014_2_cong
9 dc,rel,999.1,Faivre et al._2014_2_cong
9 dc,rel,812.1,Faivre et al._2014_2_cong
9 dc,unrel,802.7,Faivre et al._2014_2_cong
9 dc,rel,1216,Faivre et al._2014_2_incong
9 dc,unrel,876.6,Faivre et al._2014_2_cong
9 dc,rel,734.6,Faivre et al._2014_2_cong
9 dc,rel,1117.5,Faivre et al._2014_2_incong
9 dc,unrel,610.3,Faivre et al._2014_2_incong
9 dc,unrel,470.9,Faivre et al._2014_2_incong
9 dc,unrel,627.3,Faivre et al._2014_2_incong
9 dc,unrel,627.3,Faivre et al._2014_2_cong
9 dc,unrel,1636.4,Faivre et al._2014_2_incong
9 dc,rel,519.7,Faivre et al._2014_2_cong
9 dc,unrel,391.4,Faivre et al._2014_2_cong
9 dc,rel,883.7,Faivre et al._2014_2_incong
9 dc,rel,417.2,Faivre et al._2014_2_cong
9 dc,rel,830.9,Faivre et al._2014_2_incong
9 dc,unrel,786.8,Faivre et al._2014_2_cong
9 dc,rel,947.6,Faivre et al._2014_2_cong
9 dc,unrel,1352,Faivre et al._2014_2_incong
9 dc,unrel,983,Faivre et al._2014_2_cong
9 dc,unrel,486.5,Faivre et al._2014_2_cong
9 dc,unrel,990.8,Faivre et al._2014_2_incong
9 dc,unrel,756.5,Faivre et al._2014_2_incong
9 dc,rel,848.2,Faivre et al._2014_2_cong
9 dc,unrel,913.5,Faivre et al._2014_2_cong
9 dc,rel,412.5,Faivre et al._2014_2_cong
9 dc,unrel,1291.7,Faivre et al._2014_2_incong
9 dc,rel,404.9,Faivre et al._2014_2_cong
9 dc,rel,346,Faivre et al._2014_2_cong
