"","Subject","correctResponseButton","responseHand","StimulusColor","SubTrial","ColorMasked","Confidence.RESP","correctRT","GrayMasked","leftMask","leftStimulus","Number","NumberResponse","Response.RESP","ResponseAccuracy","rightMask","rightStimulus","virhe","virhe.edellinen"
"3","1",6,"right","Red",3,1,4,405,0,0,1,"2",1,1,0,1,1,0,0
"8","1",6,"right","Red",8,0,4,220,1,0,1,"1",1,1,1,1,0,0,0
"16","1",6,"right","Red",16,0,4,218,1,1,0,"1",1,1,1,0,1,0,0
"21","1",6,"right","Blue",1,1,4,328,0,0,1,"2",1,1,0,1,1,0,NA
"22","1",6,"right","Blue",2,1,4,207,0,1,1,"2",1,1,0,0,1,0,0
"29","1",6,"right","Blue",9,0,4,374,1,0,1,"1",1,1,1,1,0,0,0
"39","1",6,"right","Blue",19,1,4,280,0,0,1,"2",1,1,0,1,1,0,0
"44","1",6,"right","Red",4,1,4,350,0,0,1,"2",1,1,0,1,1,0,1
"52","1",6,"right","Red",12,0,4,253,1,1,0,"1",1,1,1,0,1,0,0
"56","1",6,"right","Red",16,0,4,206,1,0,1,"1",1,1,1,1,0,0,1
"62","1",6,"right","Blue",2,1,4,218,0,0,1,"2",1,1,0,1,1,0,0
"63","1",6,"right","Blue",3,0,4,211,1,0,1,"1",1,1,1,1,0,0,0
"95","1",6,"right","Red",15,0,4,227,1,1,0,"1",1,1,1,0,1,0,0
"108","1",6,"right","Blue",8,0,4,199,1,0,1,"1",1,1,1,1,0,0,1
"110","1",6,"right","Blue",10,1,4,225,0,0,1,"2",1,1,0,1,1,0,0
"111","1",6,"right","Blue",11,0,4,178,1,1,0,"1",1,1,1,0,1,0,0
"127","1",6,"right","Red",7,0,4,361,1,0,1,"1",1,1,1,1,0,0,0
"132","1",6,"right","Red",12,0,4,258,1,1,0,"1",1,1,1,0,1,0,1
"134","1",6,"right","Red",14,1,4,253,0,0,1,"2",1,1,0,1,1,0,1
"141","1",6,"right","Blue",1,1,4,206,0,1,1,"2",1,1,0,0,1,0,NA
"145","1",6,"right","Blue",5,0,4,238,1,0,1,"1",1,1,1,1,0,0,0
"147","1",6,"right","Blue",7,1,4,193,0,1,1,"2",1,1,0,0,1,0,0
"151","1",6,"right","Blue",11,0,4,187,1,1,0,"1",1,1,1,0,1,0,0
"156","1",6,"right","Blue",16,1,4,248,0,0,1,"2",1,1,0,1,1,0,0
"163","1",6,"right","Red",3,1,4,206,0,1,1,"2",1,1,0,0,1,0,0
"165","1",6,"right","Red",5,0,4,185,1,0,1,"1",1,1,1,1,0,0,0
"185","1",6,"right","Blue",5,0,4,274,1,0,1,"1",1,1,1,1,0,0,1
"187","1",6,"right","Blue",7,1,4,202,0,1,1,"2",1,1,0,0,1,0,0
"191","1",6,"right","Blue",11,0,4,242,1,1,0,"1",1,1,1,0,1,0,1
"195","1",6,"right","Blue",15,1,4,384,0,0,1,"2",1,1,0,1,1,0,0
"197","1",6,"right","Blue",17,1,4,160,0,0,1,"2",1,1,0,1,1,0,0
"202","1",6,"right","Red",2,0,4,172,1,1,0,"1",1,1,1,0,1,0,1
"204","1",6,"right","Red",4,0,4,189,1,0,1,"1",1,1,1,1,0,0,0
"210","1",6,"right","Red",10,1,4,192,0,0,1,"2",1,1,0,1,1,0,0
"212","1",6,"right","Red",12,1,4,283,0,0,1,"2",1,1,0,1,1,0,0
"222","1",6,"right","Blue",2,1,4,412,0,1,1,"2",1,1,0,0,1,0,1
"229","1",6,"right","Blue",9,0,4,350,1,0,1,"1",1,1,1,1,0,0,0
"257","1",5,"left","Red",17,0,4,185,1,1,0,"1",1,1,1,0,1,0,0
"263","1",5,"left","Blue",3,0,4,179,1,0,1,"1",1,1,1,1,0,0,0
"273","1",5,"left","Blue",13,1,4,251,0,1,1,"2",1,1,0,0,1,0,1
"296","1",5,"left","Red",16,0,4,199,1,0,1,"1",1,1,1,1,0,0,0
"298","1",5,"left","Red",18,0,4,208,1,1,0,"1",1,1,1,0,1,0,1
"302","1",5,"left","Blue",2,0,4,205,1,0,1,"1",1,1,1,1,0,0,0
"310","1",5,"left","Blue",10,0,4,188,1,1,0,"1",1,1,1,0,1,0,0
"318","1",5,"left","Blue",18,1,4,194,0,1,1,"2",1,1,0,0,1,0,1
"332","1",5,"left","Red",12,1,4,254,0,0,1,"2",1,1,0,1,1,0,1
"335","1",5,"left","Red",15,1,4,233,0,0,1,"2",1,1,0,1,1,0,0
"336","1",5,"left","Red",16,0,4,229,1,1,0,"1",1,1,1,0,1,0,0
"348","1",5,"left","Blue",8,0,4,163,1,0,1,"1",1,1,1,1,0,0,0
"351","1",5,"left","Blue",11,1,4,204,0,0,1,"2",1,1,0,1,1,0,0
"355","1",5,"left","Blue",15,1,4,199,0,1,1,"2",1,1,0,0,1,0,0
"367","1",5,"left","Red",7,0,4,201,1,0,1,"1",1,1,1,1,0,0,1
"378","1",5,"left","Red",18,0,4,303,1,1,0,"1",1,1,1,0,1,0,0
"385","1",5,"left","Blue",5,1,4,240,0,0,1,"2",1,1,0,1,1,0,0
"390","1",5,"left","Blue",10,1,4,259,0,1,1,"2",1,1,0,0,1,0,0
"393","1",5,"left","Blue",13,0,4,226,1,0,1,"1",1,1,1,1,0,0,1
"397","1",5,"left","Blue",17,0,4,214,1,1,0,"1",1,1,1,0,1,0,0
"411","1",5,"left","Red",11,0,4,231,1,1,0,"1",1,1,1,0,1,0,0
"416","1",5,"left","Red",16,0,4,236,1,0,1,"1",1,1,1,1,0,0,0
"424","1",5,"left","Blue",4,0,4,211,1,0,1,"1",1,1,1,1,0,0,0
"436","1",5,"left","Blue",16,1,4,207,0,0,1,"2",1,1,0,1,1,0,1
"438","1",5,"left","Blue",18,1,4,266,0,1,1,"2",1,1,0,0,1,0,0
"447","1",5,"left","Red",7,1,4,265,0,1,1,"2",1,1,0,0,1,0,0
"448","1",5,"left","Red",8,0,4,217,1,0,1,"1",1,1,1,1,0,0,0
"450","1",5,"left","Red",10,0,4,258,1,1,0,"1",1,1,1,0,1,0,1
"459","1",5,"left","Red",19,1,4,223,0,0,1,"2",1,1,0,1,1,0,1
"460","1",5,"left","Red",20,1,4,243,0,0,1,"2",1,1,0,1,1,0,0
"461","1",5,"left","Blue",1,1,4,283,0,0,1,"2",1,1,0,1,1,0,NA
"462","1",5,"left","Blue",2,0,4,300,1,1,0,"1",1,1,1,0,1,0,0
"471","1",5,"left","Blue",11,0,4,249,1,0,1,"1",1,1,1,1,0,0,1
"472","1",5,"left","Blue",12,1,4,213,0,0,1,"2",1,1,0,1,1,0,0
"479","1",5,"left","Blue",19,1,4,254,0,1,1,"2",1,1,0,0,1,0,1
"481","2",5,"left","Blue",1,0,4,216,1,0,1,"1",1,1,1,1,0,0,NA
"486","2",5,"left","Blue",6,1,4,242,0,1,1,"2",1,1,0,0,1,0,0
"489","2",5,"left","Blue",9,1,4,391,0,0,1,"2",1,1,0,1,1,0,0
"498","2",5,"left","Blue",18,1,4,276,0,1,1,"2",1,1,0,0,1,0,0
"499","2",5,"left","Blue",19,1,4,262,0,1,1,"2",1,1,0,0,1,0,0
"500","2",5,"left","Blue",20,1,4,397,0,0,1,"2",1,1,0,1,1,0,0
"501","2",5,"left","Red",1,1,4,230,0,1,1,"2",1,1,0,0,1,0,NA
"504","2",5,"left","Red",4,0,4,224,1,0,1,"1",1,1,1,1,0,0,0
"505","2",5,"left","Red",5,1,4,382,0,1,1,"2",1,1,0,0,1,0,0
"506","2",5,"left","Red",6,1,4,361,0,0,1,"2",1,1,0,1,1,0,0
"512","2",5,"left","Red",12,1,4,285,0,1,1,"2",1,1,0,0,1,0,0
"520","2",5,"left","Red",20,1,4,230,0,0,1,"2",1,1,0,1,1,0,0
"531","2",5,"left","Blue",11,1,4,270,0,0,1,"2",1,1,0,1,1,0,0
"532","2",5,"left","Blue",12,1,4,226,0,1,1,"2",1,1,0,0,1,0,0
"535","2",5,"left","Blue",15,1,4,270,0,0,1,"2",1,1,0,1,1,0,0
"536","2",5,"left","Blue",16,1,4,240,0,1,1,"2",1,1,0,0,1,0,0
"546","2",5,"left","Red",6,1,4,206,0,1,1,"2",1,1,0,0,1,0,0
"552","2",5,"left","Red",12,1,4,254,0,0,1,"2",1,1,0,1,1,0,0
"554","2",5,"left","Red",14,1,4,245,0,0,1,"2",1,1,0,1,1,0,0
"557","2",5,"left","Red",17,1,4,301,0,1,1,"2",1,1,0,0,1,0,0
"559","2",5,"left","Red",19,0,4,183,1,0,1,"1",1,1,1,1,0,0,0
"562","2",5,"left","Blue",2,1,4,231,0,0,1,"2",1,1,0,1,1,0,0
"568","2",5,"left","Blue",8,1,4,210,0,1,1,"2",1,1,0,0,1,0,0
"570","2",5,"left","Blue",10,1,4,220,0,0,1,"2",1,1,0,1,1,0,0
"571","2",5,"left","Blue",11,1,4,237,0,1,1,"2",1,1,0,0,1,0,0
"572","2",5,"left","Blue",12,1,4,298,0,1,1,"2",1,1,0,0,1,0,0
"577","2",5,"left","Blue",17,0,4,487,1,0,1,"1",1,1,1,1,0,0,0
"578","2",5,"left","Blue",18,0,4,587,1,1,0,"1",1,1,1,0,1,0,0
"579","2",5,"left","Blue",19,1,4,376,0,1,1,"2",1,1,0,0,1,0,0
"583","2",5,"left","Red",3,0,4,443,1,1,0,"1",1,1,1,0,1,0,0
"585","2",5,"left","Red",5,0,4,277,1,0,1,"1",1,1,1,1,0,0,0
"586","2",5,"left","Red",6,1,4,311,0,1,1,"2",1,1,0,0,1,0,0
"591","2",5,"left","Red",11,1,4,175,0,0,1,"2",1,1,0,1,1,0,0
"594","2",5,"left","Red",14,1,4,194,0,1,1,"2",1,1,0,0,1,0,0
"598","2",5,"left","Red",18,1,4,195,0,0,1,"2",1,1,0,1,1,0,0
"600","2",5,"left","Red",20,1,4,199,0,1,1,"2",1,1,0,0,1,0,0
"605","2",5,"left","Blue",5,1,4,216,0,1,1,"2",1,1,0,0,1,0,0
"606","2",5,"left","Blue",6,0,4,232,1,0,1,"1",1,1,1,1,0,0,0
"607","2",5,"left","Blue",7,0,4,287,1,1,0,"1",1,1,1,0,1,0,0
"608","2",5,"left","Blue",8,1,4,202,0,1,1,"2",1,1,0,0,1,0,0
"609","2",5,"left","Blue",9,1,4,254,0,1,1,"2",1,1,0,0,1,0,0
"611","2",5,"left","Blue",11,1,4,230,0,0,1,"2",1,1,0,1,1,0,0
"614","2",5,"left","Blue",14,1,4,217,0,0,1,"2",1,1,0,1,1,0,0
"617","2",5,"left","Blue",17,1,4,469,0,1,1,"2",1,1,0,0,1,0,0
"624","2",5,"left","Red",4,1,4,269,0,0,1,"2",1,1,0,1,1,0,0
"627","2",5,"left","Red",7,1,4,211,0,1,1,"2",1,1,0,0,1,0,1
"631","2",5,"left","Red",11,0,4,198,1,0,1,"1",1,1,1,1,0,0,0
"637","2",5,"left","Red",17,0,4,250,1,1,0,"1",1,1,1,0,1,0,0
"638","2",5,"left","Red",18,1,4,365,0,0,1,"2",1,1,0,1,1,0,0
"639","2",5,"left","Red",19,1,4,221,0,1,1,"2",1,1,0,0,1,0,0
"643","2",5,"left","Blue",3,1,4,229,0,0,1,"2",1,1,0,1,1,0,0
"647","2",5,"left","Blue",7,1,4,192,0,1,1,"2",1,1,0,0,1,0,0
"648","2",5,"left","Blue",8,1,4,211,0,0,1,"2",1,1,0,1,1,0,0
"653","2",5,"left","Blue",13,0,4,179,1,0,1,"1",1,1,1,1,0,0,0
"657","2",5,"left","Blue",17,1,4,319,0,1,1,"2",1,1,0,0,1,0,0
"661","2",5,"left","Red",1,0,4,627,1,1,0,"1",1,1,1,0,1,0,NA
"662","2",5,"left","Red",2,1,4,242,0,1,1,"2",1,1,0,0,1,0,0
"669","2",5,"left","Red",9,1,4,355,0,0,1,"2",1,1,0,1,1,0,0
"671","2",5,"left","Red",11,1,4,220,0,1,1,"2",1,1,0,0,1,0,0
"677","2",5,"left","Red",17,0,4,259,1,0,1,"1",1,1,1,1,0,0,0
"678","2",5,"left","Red",18,1,4,435,0,1,1,"2",1,1,0,0,1,0,0
"680","2",5,"left","Red",20,1,4,303,0,0,1,"2",1,1,0,1,1,0,0
"684","2",5,"left","Blue",4,1,4,210,0,0,1,"2",1,1,0,1,1,0,0
"687","2",5,"left","Blue",7,1,4,224,0,1,1,"2",1,1,0,0,1,0,0
"697","2",5,"left","Blue",17,1,4,272,0,0,1,"2",1,1,0,1,1,0,0
"700","2",5,"left","Blue",20,0,4,360,1,1,0,"1",1,1,1,0,1,0,0
"701","2",5,"left","Red",1,0,4,199,1,0,1,"1",1,1,1,1,0,0,NA
"707","2",5,"left","Red",7,1,4,263,0,1,1,"2",1,1,0,0,1,0,1
"710","2",5,"left","Red",10,0,4,296,1,1,0,"1",1,1,1,0,1,0,0
"713","2",5,"left","Red",13,1,4,182,0,0,1,"2",1,1,0,1,1,0,0
"715","2",5,"left","Red",15,1,4,276,0,0,1,"2",1,1,0,1,1,0,0
"717","2",5,"left","Red",17,1,4,259,0,1,1,"2",1,1,0,0,1,0,0
"724","2",6,"right","Blue",4,0,4,206,1,0,1,"1",1,1,1,1,0,0,0
"726","2",6,"right","Blue",6,1,4,194,0,1,1,"2",1,1,0,0,1,0,0
"730","2",6,"right","Blue",10,0,4,627,1,1,0,"1",1,1,1,0,1,0,0
"731","2",6,"right","Blue",11,1,4,352,0,0,1,"2",1,1,0,1,1,0,0
"738","2",6,"right","Blue",18,1,4,220,0,1,1,"2",1,1,0,0,1,0,0
"739","2",6,"right","Blue",19,1,4,269,0,0,1,"2",1,1,0,1,1,0,0
"741","2",6,"right","Red",1,0,4,228,1,0,1,"1",1,1,1,1,0,0,NA
"743","2",6,"right","Red",3,1,4,350,0,0,1,"2",1,1,0,1,1,0,0
"746","2",6,"right","Red",6,0,4,282,1,1,0,"1",1,1,1,0,1,0,0
"760","2",6,"right","Red",20,1,4,253,0,0,1,"2",1,1,0,1,1,0,0
"761","2",6,"right","Blue",1,0,4,261,1,1,0,"1",1,1,1,0,1,0,NA
"774","2",6,"right","Blue",14,1,4,332,0,0,1,"2",1,1,0,1,1,0,1
"775","2",6,"right","Blue",15,1,4,454,0,1,1,"2",1,1,0,0,1,0,0
"780","2",6,"right","Blue",20,0,4,276,1,0,1,"1",1,1,1,1,0,0,0
"781","2",6,"right","Red",1,1,4,271,0,1,1,"2",1,1,0,0,1,0,NA
"784","2",6,"right","Red",4,0,4,261,1,1,0,"1",1,1,1,0,1,0,0
"788","2",6,"right","Red",8,1,4,268,0,1,1,"2",1,1,0,0,1,0,1
"789","2",6,"right","Red",9,1,4,329,0,0,1,"2",1,1,0,1,1,0,0
"791","2",6,"right","Red",11,1,4,317,0,0,1,"2",1,1,0,1,1,0,0
"794","2",6,"right","Red",14,1,4,240,0,1,1,"2",1,1,0,0,1,0,0
"798","2",6,"right","Red",18,0,4,328,1,0,1,"1",1,1,1,1,0,0,0
"802","2",6,"right","Blue",2,1,4,215,0,1,1,"2",1,1,0,0,1,0,0
"805","2",6,"right","Blue",5,1,4,551,0,0,1,"2",1,1,0,1,1,0,0
"806","2",6,"right","Blue",6,0,4,195,1,0,1,"1",1,1,1,1,0,0,0
"811","2",6,"right","Blue",11,1,4,270,0,1,1,"2",1,1,0,0,1,0,0
"812","2",6,"right","Blue",12,1,4,249,0,1,1,"2",1,1,0,0,1,0,0
"814","2",6,"right","Blue",14,1,4,333,0,1,1,"2",1,1,0,0,1,0,0
"818","2",6,"right","Blue",18,1,4,313,0,0,1,"2",1,1,0,1,1,0,0
"821","2",6,"right","Red",1,0,4,256,1,0,1,"1",1,1,1,1,0,0,NA
"831","2",6,"right","Red",11,1,4,218,0,0,1,"2",1,1,0,1,1,0,0
"835","2",6,"right","Red",15,1,4,218,0,1,1,"2",1,1,0,0,1,0,0
"838","2",6,"right","Red",18,1,4,294,0,0,1,"2",1,1,0,1,1,0,1
"839","2",6,"right","Red",19,1,4,494,0,1,1,"2",1,1,0,0,1,0,0
"847","2",6,"right","Blue",7,0,4,319,1,0,1,"1",1,1,1,1,0,0,0
"849","2",6,"right","Blue",9,1,4,331,0,0,1,"2",1,1,0,1,1,0,0
"850","2",6,"right","Blue",10,1,4,499,0,1,1,"2",1,1,0,0,1,0,0
"854","2",6,"right","Blue",14,1,4,206,0,1,1,"2",1,1,0,0,1,0,0
"856","2",6,"right","Blue",16,0,4,196,1,1,0,"1",1,1,1,0,1,0,0
"857","2",6,"right","Blue",17,1,4,237,0,0,1,"2",1,1,0,1,1,0,0
"860","2",6,"right","Blue",20,1,4,281,0,1,1,"2",1,1,0,0,1,0,0
"863","2",6,"right","Red",3,1,4,206,0,1,1,"2",1,1,0,0,1,0,0
"866","2",6,"right","Red",6,1,4,268,0,1,1,"2",1,1,0,0,1,0,1
"868","2",6,"right","Red",8,1,4,224,0,1,1,"2",1,1,0,0,1,0,0
"870","2",6,"right","Red",10,1,4,300,0,1,1,"2",1,1,0,0,1,0,0
"873","2",6,"right","Red",13,1,4,235,0,0,1,"2",1,1,0,1,1,0,0
"878","2",6,"right","Red",18,1,4,267,0,0,1,"2",1,1,0,1,1,0,0
"883","2",6,"right","Blue",3,0,4,203,1,0,1,"1",1,1,1,1,0,0,0
"887","2",6,"right","Blue",7,1,4,234,0,0,1,"2",1,1,0,1,1,0,0
"891","2",6,"right","Blue",11,1,4,197,0,1,1,"2",1,1,0,0,1,0,0
"893","2",6,"right","Blue",13,0,4,257,1,1,0,"1",1,1,1,0,1,0,0
"894","2",6,"right","Blue",14,1,4,233,0,1,1,"2",1,1,0,0,1,0,0
"897","2",6,"right","Blue",17,1,4,336,0,1,1,"2",1,1,0,0,1,0,0
"899","2",6,"right","Blue",19,1,4,249,0,0,1,"2",1,1,0,1,1,0,0
"900","2",6,"right","Blue",20,1,4,259,0,1,1,"2",1,1,0,0,1,0,0
"901","2",6,"right","Red",1,0,4,334,1,1,0,"1",1,1,1,0,1,0,NA
"904","2",6,"right","Red",4,1,4,194,0,1,1,"2",1,1,0,0,1,0,0
"907","2",6,"right","Red",7,1,4,244,0,0,1,"2",1,1,0,1,1,0,0
"909","2",6,"right","Red",9,0,4,222,1,0,1,"1",1,1,1,1,0,0,0
"910","2",6,"right","Red",10,1,4,338,0,1,1,"2",1,1,0,0,1,0,0
"923","2",6,"right","Blue",3,1,4,207,0,1,1,"2",1,1,0,0,1,0,0
"929","2",6,"right","Blue",9,1,4,271,0,1,1,"2",1,1,0,0,1,0,0
"930","2",6,"right","Blue",10,1,4,423,0,1,1,"2",1,1,0,0,1,0,0
"934","2",6,"right","Blue",14,1,4,317,0,1,1,"2",1,1,0,0,1,0,0
"935","2",6,"right","Blue",15,0,4,387,1,1,0,"1",1,1,1,0,1,0,0
"937","2",6,"right","Blue",17,1,4,221,0,0,1,"2",1,1,0,1,1,0,0
"938","2",6,"right","Blue",18,0,4,312,1,0,1,"1",1,1,1,1,0,0,0
"940","2",6,"right","Blue",20,1,4,342,0,0,1,"2",1,1,0,1,1,0,0
"943","2",6,"right","Red",3,1,4,190,0,0,1,"2",1,1,0,1,1,0,0
"944","2",6,"right","Red",4,1,4,233,0,1,1,"2",1,1,0,0,1,0,0
"947","2",6,"right","Red",7,1,4,264,0,0,1,"2",1,1,0,1,1,0,0
"948","2",6,"right","Red",8,1,4,241,0,1,1,"2",1,1,0,0,1,0,0
"954","2",6,"right","Red",14,1,4,202,0,1,1,"2",1,1,0,0,1,0,0
"959","2",6,"right","Red",19,0,4,331,1,1,0,"1",1,1,1,0,1,0,0
"960","2",6,"right","Red",20,0,4,235,1,0,1,"1",1,1,1,1,0,0,0
"970","3",6,"right","Red",10,1,4,221,0,0,1,"2",1,1,0,1,1,0,0
"978","3",6,"right","Red",18,0,4,309,1,1,0,"1",1,1,1,0,1,0,0
"980","3",6,"right","Red",20,0,4,234,1,0,1,"1",1,1,1,1,0,0,0
"985","3",6,"right","Blue",5,0,4,273,1,0,1,"1",1,1,1,1,0,0,0
"1003","3",6,"right","Red",3,1,4,292,0,1,1,"2",1,1,0,0,1,0,0
"1006","3",6,"right","Red",6,1,4,195,0,0,1,"2",1,1,0,1,1,0,0
"1008","3",6,"right","Red",8,0,4,215,1,0,1,"1",1,1,1,1,0,0,0
"1010","3",6,"right","Red",10,0,4,220,1,1,0,"1",1,1,1,0,1,0,0
"1026","3",6,"right","Blue",6,1,4,219,0,1,1,"2",1,1,0,0,1,0,0
"1037","3",6,"right","Blue",17,0,4,376,1,1,0,"1",1,1,1,0,1,0,0
"1040","3",6,"right","Blue",20,0,4,380,1,0,1,"1",1,1,1,1,0,0,0
"1052","3",6,"right","Red",12,0,4,267,1,0,1,"1",1,1,1,1,0,0,0
"1067","3",6,"right","Blue",7,1,4,249,0,1,1,"2",1,1,0,0,1,0,0
"1074","3",6,"right","Blue",14,0,4,435,1,1,0,"1",1,1,1,0,1,0,0
"1075","3",6,"right","Blue",15,0,4,425,1,0,1,"1",1,1,1,1,0,0,0
"1084","3",6,"right","Red",4,0,4,353,1,0,1,"1",1,1,1,1,0,0,0
"1095","3",6,"right","Red",15,0,4,240,1,1,0,"1",1,1,1,0,1,0,0
"1102","3",6,"right","Blue",2,1,4,390,0,0,1,"2",1,1,0,1,1,0,0
"1108","3",6,"right","Blue",8,0,4,236,1,1,0,"1",1,1,1,0,1,0,0
"1110","3",6,"right","Blue",10,1,4,222,0,1,1,"2",1,1,0,0,1,0,0
"1111","3",6,"right","Blue",11,1,4,234,0,0,1,"2",1,1,0,1,1,0,0
"1112","3",6,"right","Blue",12,1,4,232,0,1,1,"2",1,1,0,0,1,0,0
"1119","3",6,"right","Blue",19,0,4,263,1,0,1,"1",1,1,1,1,0,0,0
"1135","3",6,"right","Red",15,1,4,212,0,0,1,"2",1,1,0,1,1,0,0
"1138","3",6,"right","Red",18,0,4,181,1,0,1,"1",1,1,1,1,0,0,0
"1141","3",6,"right","Blue",1,0,4,272,1,0,1,"1",1,1,1,1,0,0,NA
"1157","3",6,"right","Blue",17,0,4,505,1,1,0,"1",1,1,1,0,1,0,0
"1158","3",6,"right","Blue",18,1,4,212,0,1,1,"2",1,1,0,0,1,0,0
"1160","3",6,"right","Blue",20,1,4,262,0,1,1,"2",1,1,0,0,1,0,0
"1167","3",6,"right","Red",7,1,4,301,0,0,1,"2",1,1,0,1,1,0,0
"1168","3",6,"right","Red",8,0,4,238,1,0,1,"1",1,1,1,1,0,0,0
"1171","3",6,"right","Red",11,1,4,279,0,0,1,"2",1,1,0,1,1,0,0
"1176","3",6,"right","Red",16,0,4,374,1,1,0,"1",1,1,1,0,1,0,0
"1184","3",6,"right","Blue",4,0,4,290,1,1,0,"1",1,1,1,0,1,0,0
"1188","3",6,"right","Blue",8,0,4,275,1,0,1,"1",1,1,1,1,0,0,1
"1195","3",6,"right","Blue",15,1,4,208,0,0,1,"2",1,1,0,1,1,0,0
"1204","3",5,"left","Red",4,0,4,238,1,0,1,"1",1,1,1,1,0,0,0
"1224","3",5,"left","Blue",4,0,4,183,1,0,1,"1",1,1,1,1,0,0,0
"1226","3",5,"left","Blue",6,1,4,208,0,0,1,"2",1,1,0,1,1,0,0
"1237","3",5,"left","Blue",17,0,4,301,1,1,0,"1",1,1,1,0,1,0,0
"1244","3",5,"left","Red",4,0,4,244,1,0,1,"1",1,1,1,1,0,0,0
"1245","3",5,"left","Red",5,1,4,247,0,1,1,"2",1,1,0,0,1,0,0
"1256","3",5,"left","Red",16,1,4,247,0,0,1,"2",1,1,0,1,1,0,0
"1273","3",5,"left","Blue",13,0,4,422,1,1,0,"1",1,1,1,0,1,0,0
"1280","3",5,"left","Blue",20,0,4,257,1,0,1,"1",1,1,1,1,0,0,0
"1284","3",5,"left","Red",4,0,4,248,1,0,1,"1",1,1,1,1,0,0,0
"1287","3",5,"left","Red",7,1,4,221,0,0,1,"2",1,1,0,1,1,0,0
"1289","3",5,"left","Red",9,1,4,251,0,0,1,"2",1,1,0,1,1,0,1
"1295","3",5,"left","Red",15,0,4,385,1,1,0,"1",1,1,1,0,1,0,0
"1309","3",5,"left","Blue",9,0,4,336,1,1,0,"1",1,1,1,0,1,0,0
"1313","3",5,"left","Blue",13,1,4,236,0,0,1,"2",1,1,0,1,1,0,0
"1319","3",5,"left","Blue",19,0,4,243,1,0,1,"1",1,1,1,1,0,0,0
"1321","3",5,"left","Red",1,0,4,229,1,1,0,"1",1,1,1,0,1,0,NA
"1325","3",5,"left","Red",5,0,4,193,1,0,1,"1",1,1,1,1,0,0,0
"1333","3",5,"left","Red",13,1,4,237,0,0,1,"2",1,1,0,1,1,0,0
"1338","3",5,"left","Red",18,1,4,266,0,1,1,"2",1,1,0,0,1,0,0
"1348","3",5,"left","Blue",8,0,4,290,1,1,0,"1",1,1,1,0,1,0,0
"1360","3",5,"left","Blue",20,0,4,260,1,0,1,"1",1,1,1,1,0,0,0
"1365","3",5,"left","Red",5,1,4,279,0,0,1,"2",1,1,0,1,1,0,0
"1369","3",5,"left","Red",9,0,4,268,1,1,0,"1",1,1,1,0,1,0,0
"1373","3",5,"left","Red",13,0,4,317,1,0,1,"1",1,1,1,1,0,0,0
"1389","3",5,"left","Blue",9,1,4,212,0,0,1,"2",1,1,0,1,1,0,0
"1395","3",5,"left","Blue",15,0,4,383,1,1,0,"1",1,1,1,0,1,0,0
"1399","3",5,"left","Blue",19,0,4,239,1,0,1,"1",1,1,1,1,0,0,0
"1403","3",5,"left","Red",3,0,4,229,1,1,0,"1",1,1,1,0,1,0,0
"1410","3",5,"left","Red",10,1,4,241,0,0,1,"2",1,1,0,1,1,0,0
"1415","3",5,"left","Red",15,0,4,209,1,0,1,"1",1,1,1,1,0,0,0
"1417","3",5,"left","Red",17,1,4,213,0,0,1,"2",1,1,0,1,1,0,0
"1423","3",5,"left","Blue",3,1,4,266,0,1,1,"2",1,1,0,0,1,0,0
"1429","3",5,"left","Blue",9,0,4,287,1,1,0,"1",1,1,1,0,1,0,0
"1434","3",5,"left","Blue",14,0,4,282,1,0,1,"1",1,1,1,1,0,0,0
"1450","4",5,"left","Blue",10,0,4,268,1,1,0,"1",1,1,1,0,1,0,0
"1452","4",5,"left","Blue",12,0,4,244,1,0,1,"1",1,1,1,1,0,0,0
"1463","4",5,"left","Red",3,1,4,281,0,1,1,"2",1,1,0,0,1,0,0
"1469","4",5,"left","Red",9,0,4,274,1,0,1,"1",1,1,1,1,0,0,0
"1470","4",5,"left","Red",10,1,4,291,0,0,1,"2",1,1,0,1,1,0,0
"1471","4",5,"left","Red",11,1,4,334,0,0,1,"2",1,1,0,1,1,0,0
"1493","4",5,"left","Blue",13,0,4,420,1,1,0,"1",1,1,1,0,1,0,0
"1508","4",5,"left","Red",8,1,4,231,0,1,1,"2",1,1,0,0,1,0,0
"1513","4",5,"left","Red",13,0,4,212,1,0,1,"1",1,1,1,1,0,0,0
"1519","4",5,"left","Red",19,1,4,401,0,1,1,"2",1,1,0,0,1,0,0
"1520","4",5,"left","Red",20,0,4,338,1,1,0,"1",1,1,1,0,1,0,0
"1521","4",5,"left","Blue",1,0,4,233,1,0,1,"1",1,1,1,1,0,0,NA
"1562","4",5,"left","Blue",2,0,4,332,1,0,1,"1",1,1,1,1,0,0,1
"1569","4",5,"left","Blue",9,0,4,418,1,1,0,"1",1,1,1,0,1,0,0
"1593","4",5,"left","Red",13,0,4,225,1,0,1,"1",1,1,1,1,0,0,0
"1596","4",5,"left","Red",16,1,4,279,0,0,1,"2",1,1,0,1,1,0,0
"1604","4",5,"left","Blue",4,0,4,175,1,0,1,"1",1,1,1,1,0,0,0
"1633","4",5,"left","Red",13,0,4,241,1,0,1,"1",1,1,1,1,0,0,0
"1637","4",5,"left","Red",17,1,4,426,0,0,1,"2",1,1,0,1,1,0,0
"1638","4",5,"left","Red",18,1,4,260,0,0,1,"2",1,1,0,1,1,0,0
"1645","4",5,"left","Blue",5,0,4,234,1,0,1,"1",1,1,1,1,0,0,0
"1661","4",5,"left","Red",1,0,4,305,1,0,1,"1",1,1,1,1,0,0,NA
"1667","4",5,"left","Red",7,1,4,192,0,0,1,"2",1,1,0,1,1,0,1
"1684","4",6,"right","Blue",4,0,4,262,1,0,1,"1",1,1,1,1,0,0,0
"1686","4",6,"right","Blue",6,1,4,253,0,0,1,"2",1,1,0,1,1,0,1
"1700","4",6,"right","Blue",20,0,4,286,1,1,0,"1",1,1,1,0,1,0,1
"1707","4",6,"right","Red",7,0,4,280,1,0,1,"1",1,1,1,1,0,0,0
"1719","4",6,"right","Red",19,1,4,240,0,0,1,"2",1,1,0,1,1,0,0
"1721","4",6,"right","Blue",1,1,4,196,0,0,1,"2",1,1,0,1,1,0,NA
"1730","4",6,"right","Blue",10,0,4,206,1,0,1,"1",1,1,1,1,0,0,0
"1739","4",6,"right","Blue",19,0,4,231,1,1,0,"1",1,1,1,0,1,0,0
"1745","4",6,"right","Red",5,1,4,336,0,0,1,"2",1,1,0,1,1,0,0
"1747","4",6,"right","Red",7,1,4,218,0,1,1,"2",1,1,0,0,1,0,0
"1749","4",6,"right","Red",9,1,4,203,0,1,1,"2",1,1,0,0,1,0,0
"1753","4",6,"right","Red",13,0,4,225,1,0,1,"1",1,1,1,1,0,0,0
"1760","4",6,"right","Red",20,1,4,229,0,1,1,"2",1,1,0,0,1,0,0
"1772","4",6,"right","Blue",12,0,4,243,1,1,0,"1",1,1,1,0,1,0,0
"1775","4",6,"right","Blue",15,0,4,226,1,0,1,"1",1,1,1,1,0,0,0
"1786","4",6,"right","Red",6,0,4,297,1,0,1,"1",1,1,1,1,0,0,0
"1788","4",6,"right","Red",8,1,4,203,0,0,1,"2",1,1,0,1,1,0,1
"1798","4",6,"right","Red",18,1,4,225,0,0,1,"2",1,1,0,1,1,0,0
"1801","4",6,"right","Blue",1,1,4,227,0,1,1,"2",1,1,0,0,1,0,NA
"1803","4",6,"right","Blue",3,0,4,320,1,0,1,"1",1,1,1,1,0,0,1
"1807","4",6,"right","Blue",7,1,4,202,0,0,1,"2",1,1,0,1,1,0,0
"1809","4",6,"right","Blue",9,1,4,210,0,1,1,"2",1,1,0,0,1,0,0
"1813","4",6,"right","Blue",13,1,4,249,0,0,1,"2",1,1,0,1,1,0,0
"1823","4",6,"right","Red",3,1,4,263,0,0,1,"2",1,1,0,1,1,0,0
"1825","4",6,"right","Red",5,1,4,280,0,0,1,"2",1,1,0,1,1,0,1
"1831","4",6,"right","Red",11,1,4,287,0,1,1,"2",1,1,0,0,1,0,0
"1835","4",6,"right","Red",15,1,4,232,0,1,1,"2",1,1,0,0,1,0,0
"1836","4",6,"right","Red",16,0,4,223,1,0,1,"1",1,1,1,1,0,0,0
"1849","4",6,"right","Blue",9,1,4,251,0,0,1,"2",1,1,0,1,1,0,0
"1852","4",6,"right","Blue",12,0,4,212,1,0,1,"1",1,1,1,1,0,0,0
"1863","4",6,"right","Red",3,0,4,264,1,0,1,"1",1,1,1,1,0,0,0
"1870","4",6,"right","Red",10,1,4,228,0,1,1,"2",1,1,0,0,1,0,0
"1873","4",6,"right","Red",13,1,4,243,0,1,1,"2",1,1,0,0,1,0,0
"1874","4",6,"right","Red",14,1,4,214,0,0,1,"2",1,1,0,1,1,0,0
"1877","4",6,"right","Red",17,1,4,237,0,1,1,"2",1,1,0,0,1,0,0
"1886","4",6,"right","Blue",6,0,4,261,1,0,1,"1",1,1,1,1,0,0,0
"1895","4",6,"right","Blue",15,1,4,352,0,1,1,"2",1,1,0,0,1,0,0
"1896","4",6,"right","Blue",16,0,4,190,1,1,0,"1",1,1,1,0,1,0,0
"1903","4",6,"right","Red",3,1,4,217,0,0,1,"2",1,1,0,1,1,0,0
"1906","4",6,"right","Red",6,1,4,238,0,1,1,"2",1,1,0,0,1,0,0
"1908","4",6,"right","Red",8,0,4,220,1,0,1,"1",1,1,1,1,0,0,0
"1912","4",6,"right","Red",12,1,4,223,0,1,1,"2",1,1,0,0,1,0,0
"1913","4",6,"right","Red",13,1,4,254,0,1,1,"2",1,1,0,0,1,0,0
"1915","4",6,"right","Red",15,1,4,218,0,1,1,"2",1,1,0,0,1,0,0
"1920","4",6,"right","Red",20,1,4,265,0,0,1,"2",1,1,0,1,1,0,0
"1925","5",6,"right","Red",5,0,4,206,1,0,1,"1",1,1,1,1,0,0,0
"1937","5",6,"right","Red",17,0,4,362,1,1,0,"1",1,1,1,0,1,0,0
"1964","5",6,"right","Red",4,0,4,223,1,1,0,"1",1,1,1,0,1,0,0
"2007","5",6,"right","Red",7,1,4,247,0,0,1,"2",1,1,0,1,1,0,0
"2024","5",6,"right","Blue",4,0,4,259,1,1,0,"1",1,1,1,0,1,0,0
"2057","5",6,"right","Red",17,0,4,383,1,1,0,"1",1,1,1,0,1,0,0
"2059","5",6,"right","Red",19,1,4,248,0,0,1,"2",1,1,0,1,1,0,0
"2151","5",6,"right","Blue",11,1,4,400,0,1,1,"2",1,1,0,0,1,0,1
"2152","5",6,"right","Blue",12,0,4,324,1,0,1,"1",1,1,1,1,0,0,0
"2153","5",6,"right","Blue",13,0,4,288,1,1,0,"1",1,1,1,0,1,0,0
"2154","5",6,"right","Blue",14,1,4,304,0,0,1,"2",1,1,0,1,1,0,0
"2195","5",5,"left","Blue",15,1,4,231,0,1,1,"2",1,1,0,0,1,0,0
"2226","5",5,"left","Blue",6,1,4,258,0,0,1,"2",1,1,0,1,1,0,0
"2227","5",5,"left","Blue",7,0,4,536,1,1,0,"1",1,1,1,0,1,0,0
"2249","5",5,"left","Red",9,0,4,258,1,0,1,"1",1,1,1,1,0,0,0
"2266","5",5,"left","Blue",6,0,4,243,1,0,1,"1",1,1,1,1,0,0,1
"2281","5",5,"left","Red",1,0,4,268,1,1,0,"1",1,1,1,0,1,0,NA
"2286","5",5,"left","Red",6,0,4,261,1,0,1,"1",1,1,1,1,0,0,0
"2342","5",5,"left","Blue",2,0,4,260,1,0,1,"1",1,1,1,1,0,0,0
"2352","5",5,"left","Blue",12,1,4,284,0,0,1,"2",1,1,0,1,1,0,0
"2377","5",5,"left","Red",17,0,4,255,1,0,1,"1",1,1,1,1,0,0,0
"2385","5",5,"left","Blue",5,1,4,233,0,0,1,"2",1,1,0,1,1,0,0
"2402","6",5,"left","Blue",2,1,4,215,0,0,1,"2",1,1,0,1,1,0,0
"2409","6",5,"left","Blue",9,1,4,456,0,1,1,"2",1,1,0,0,1,0,0
"2412","6",5,"left","Blue",12,1,4,288,0,1,1,"2",1,1,0,0,1,0,0
"2414","6",5,"left","Blue",14,1,4,286,0,0,1,"2",1,1,0,1,1,0,0
"2415","6",5,"left","Blue",15,0,4,247,1,0,1,"1",1,1,1,1,0,0,0
"2417","6",5,"left","Blue",17,0,4,365,1,1,0,"1",1,1,1,0,1,0,0
"2423","6",5,"left","Red",3,1,4,246,0,1,1,"2",1,1,0,0,1,0,0
"2424","6",5,"left","Red",4,1,4,271,0,1,1,"2",1,1,0,0,1,0,0
"2428","6",5,"left","Red",8,1,4,282,0,1,1,"2",1,1,0,0,1,0,0
"2431","6",5,"left","Red",11,1,4,336,0,0,1,"2",1,1,0,1,1,0,0
"2433","6",5,"left","Red",13,0,4,282,1,0,1,"1",1,1,1,1,0,0,0
"2434","6",5,"left","Red",14,1,4,299,0,0,1,"2",1,1,0,1,1,0,0
"2441","6",5,"left","Blue",1,1,4,387,0,0,1,"2",1,1,0,1,1,0,NA
"2442","6",5,"left","Blue",2,1,4,271,0,1,1,"2",1,1,0,0,1,0,0
"2449","6",5,"left","Blue",9,1,4,356,0,1,1,"2",1,1,0,0,1,0,0
"2450","6",5,"left","Blue",10,1,4,355,0,1,1,"2",1,1,0,0,1,0,0
"2453","6",5,"left","Blue",13,1,4,271,0,0,1,"2",1,1,0,1,1,0,0
"2454","6",5,"left","Blue",14,0,4,329,1,0,1,"1",1,1,1,1,0,0,0
"2455","6",5,"left","Blue",15,0,4,173,1,1,0,"1",1,1,1,0,1,0,0
"2457","6",5,"left","Blue",17,1,4,253,0,1,1,"2",1,1,0,0,1,0,0
"2463","6",5,"left","Red",3,0,4,263,1,0,1,"1",1,1,1,1,0,0,0
"2464","6",5,"left","Red",4,1,4,310,0,1,1,"2",1,1,0,0,1,0,0
"2467","6",5,"left","Red",7,1,4,275,0,1,1,"2",1,1,0,0,1,0,0
"2468","6",5,"left","Red",8,1,4,266,0,0,1,"2",1,1,0,1,1,0,0
"2470","6",5,"left","Red",10,1,4,271,0,0,1,"2",1,1,0,1,1,0,0
"2472","6",5,"left","Red",12,1,4,256,0,1,1,"2",1,1,0,0,1,0,0
"2474","6",5,"left","Red",14,1,4,289,0,1,1,"2",1,1,0,0,1,0,0
"2475","6",5,"left","Red",15,0,4,391,1,1,0,"1",1,1,1,0,1,0,0
"2481","6",5,"left","Blue",1,1,4,424,0,1,1,"2",1,1,0,0,1,0,NA
"2484","6",5,"left","Blue",4,0,4,261,1,1,0,"1",1,1,1,0,1,0,0
"2487","6",5,"left","Blue",7,1,4,293,0,1,1,"2",1,1,0,0,1,0,0
"2489","6",5,"left","Blue",9,1,4,228,0,1,1,"2",1,1,0,0,1,0,0
"2491","6",5,"left","Blue",11,1,4,382,0,1,1,"2",1,1,0,0,1,0,0
"2493","6",5,"left","Blue",13,0,4,276,1,0,1,"1",1,1,1,1,0,0,0
"2495","6",5,"left","Blue",15,1,4,263,0,0,1,"2",1,1,0,1,1,0,0
"2500","6",5,"left","Blue",20,1,4,367,0,0,1,"2",1,1,0,1,1,0,0
"2508","6",5,"left","Red",8,1,4,199,0,0,1,"2",1,1,0,1,1,0,0
"2509","6",5,"left","Red",9,1,4,221,0,1,1,"2",1,1,0,0,1,0,0
"2510","6",5,"left","Red",10,0,4,328,1,1,0,"1",1,1,1,0,1,0,0
"2514","6",5,"left","Red",14,1,4,242,0,1,1,"2",1,1,0,0,1,0,0
"2515","6",5,"left","Red",15,1,4,419,0,1,1,"2",1,1,0,0,1,0,0
"2520","6",5,"left","Red",20,1,4,192,0,1,1,"2",1,1,0,0,1,0,0
"2521","6",5,"left","Blue",1,1,4,396,0,1,1,"2",1,1,0,0,1,0,NA
"2523","6",5,"left","Blue",3,0,4,262,1,0,1,"1",1,1,1,1,0,0,0
"2524","6",5,"left","Blue",4,1,4,276,0,1,1,"2",1,1,0,0,1,0,0
"2525","6",5,"left","Blue",5,1,4,192,0,1,1,"2",1,1,0,0,1,0,0
"2529","6",5,"left","Blue",9,1,4,173,0,1,1,"2",1,1,0,0,1,0,0
"2530","6",5,"left","Blue",10,0,4,187,1,1,0,"1",1,1,1,0,1,0,0
"2531","6",5,"left","Blue",11,1,4,235,0,0,1,"2",1,1,0,1,1,0,0
"2539","6",5,"left","Blue",19,1,4,365,0,0,1,"2",1,1,0,1,1,0,0
"2546","6",5,"left","Red",6,1,4,236,0,1,1,"2",1,1,0,0,1,0,0
"2550","6",5,"left","Red",10,1,4,265,0,0,1,"2",1,1,0,1,1,0,0
"2552","6",5,"left","Red",12,1,4,274,0,1,1,"2",1,1,0,0,1,0,0
"2553","6",5,"left","Red",13,1,4,252,0,0,1,"2",1,1,0,1,1,0,0
"2555","6",5,"left","Red",15,0,4,262,1,0,1,"1",1,1,1,1,0,0,0
"2557","6",5,"left","Red",17,1,4,308,0,1,1,"2",1,1,0,0,1,0,1
"2560","6",5,"left","Red",20,0,4,392,1,1,0,"1",1,1,1,0,1,0,0
"2563","6",5,"left","Blue",3,1,4,299,0,1,1,"2",1,1,0,0,1,0,0
"2568","6",5,"left","Blue",8,1,4,256,0,1,1,"2",1,1,0,0,1,0,0
"2571","6",5,"left","Blue",11,1,4,395,0,0,1,"2",1,1,0,1,1,0,1
"2573","6",5,"left","Blue",13,1,4,229,0,1,1,"2",1,1,0,0,1,0,0
"2574","6",5,"left","Blue",14,1,4,196,0,0,1,"2",1,1,0,1,1,0,0
"2576","6",5,"left","Blue",16,0,4,392,1,0,1,"1",1,1,1,1,0,0,1
"2581","6",5,"left","Red",1,1,4,211,0,1,1,"2",1,1,0,0,1,0,NA
"2583","6",5,"left","Red",3,1,4,217,0,1,1,"2",1,1,0,0,1,0,0
"2584","6",5,"left","Red",4,1,4,252,0,0,1,"2",1,1,0,1,1,0,0
"2585","6",5,"left","Red",5,0,4,227,1,1,0,"1",1,1,1,0,1,0,0
"2586","6",5,"left","Red",6,1,4,436,0,1,1,"2",1,1,0,0,1,0,0
"2587","6",5,"left","Red",7,0,4,229,1,0,1,"1",1,1,1,1,0,0,0
"2595","6",5,"left","Red",15,1,4,253,0,0,1,"2",1,1,0,1,1,0,0
"2597","6",5,"left","Red",17,1,4,227,0,1,1,"2",1,1,0,0,1,0,0
"2603","6",5,"left","Blue",3,0,4,216,1,0,1,"1",1,1,1,1,0,0,0
"2606","6",5,"left","Blue",6,1,4,255,0,0,1,"2",1,1,0,1,1,0,0
"2609","6",5,"left","Blue",9,0,4,440,1,1,0,"1",1,1,1,0,1,0,0
"2612","6",5,"left","Blue",12,1,4,266,0,1,1,"2",1,1,0,0,1,0,0
"2613","6",5,"left","Blue",13,1,4,236,0,1,1,"2",1,1,0,0,1,0,0
"2614","6",5,"left","Blue",14,1,4,276,0,1,1,"2",1,1,0,0,1,0,0
"2616","6",5,"left","Blue",16,1,4,274,0,1,1,"2",1,1,0,0,1,0,0
"2617","6",5,"left","Blue",17,1,4,192,0,0,1,"2",1,1,0,1,1,0,0
"2629","6",5,"left","Red",9,0,4,320,1,1,0,"1",1,1,1,0,1,0,0
"2630","6",5,"left","Red",10,1,4,323,0,1,1,"2",1,1,0,0,1,0,0
"2632","6",5,"left","Red",12,1,4,229,0,0,1,"2",1,1,0,1,1,0,0
"2633","6",5,"left","Red",13,1,4,252,0,1,1,"2",1,1,0,0,1,0,0
"2634","6",5,"left","Red",14,1,4,241,0,1,1,"2",1,1,0,0,1,0,0
"2635","6",5,"left","Red",15,1,4,267,0,1,1,"2",1,1,0,0,1,0,0
"2636","6",5,"left","Red",16,1,4,428,0,0,1,"2",1,1,0,1,1,0,0
"2639","6",5,"left","Red",19,0,4,239,1,0,1,"1",1,1,1,1,0,0,0
"2641","6",6,"right","Blue",1,1,4,236,0,1,1,"2",1,1,0,0,1,0,NA
"2644","6",6,"right","Blue",4,1,4,245,0,0,1,"2",1,1,0,1,1,0,0
"2647","6",6,"right","Blue",7,1,4,236,0,1,1,"2",1,1,0,0,1,0,0
"2651","6",6,"right","Blue",11,1,4,245,0,1,1,"2",1,1,0,0,1,0,0
"2654","6",6,"right","Blue",14,1,4,218,0,1,1,"2",1,1,0,0,1,0,0
"2656","6",6,"right","Blue",16,0,4,220,1,0,1,"1",1,1,1,1,0,0,0
"2657","6",6,"right","Blue",17,0,4,314,1,1,0,"1",1,1,1,0,1,0,0
"2661","6",6,"right","Red",1,1,4,245,0,1,1,"2",1,1,0,0,1,0,NA
"2664","6",6,"right","Red",4,1,4,253,0,1,1,"2",1,1,0,0,1,0,0
"2665","6",6,"right","Red",5,0,4,313,1,0,1,"1",1,1,1,1,0,0,0
"2666","6",6,"right","Red",6,0,4,287,1,1,0,"1",1,1,1,0,1,0,0
"2673","6",6,"right","Red",13,1,4,257,0,0,1,"2",1,1,0,1,1,0,0
"2675","6",6,"right","Red",15,1,4,247,0,1,1,"2",1,1,0,0,1,0,0
"2676","6",6,"right","Red",16,1,4,313,0,1,1,"2",1,1,0,0,1,0,0
"2679","6",6,"right","Red",19,1,4,325,0,0,1,"2",1,1,0,1,1,0,0
"2683","6",6,"right","Blue",3,0,4,278,1,0,1,"1",1,1,1,1,0,0,0
"2685","6",6,"right","Blue",5,1,4,237,0,1,1,"2",1,1,0,0,1,0,0
"2687","6",6,"right","Blue",7,0,4,280,1,1,0,"1",1,1,1,0,1,0,0
"2688","6",6,"right","Blue",8,1,4,242,0,0,1,"2",1,1,0,1,1,0,0
"2689","6",6,"right","Blue",9,1,4,206,0,0,1,"2",1,1,0,1,1,0,0
"2691","6",6,"right","Blue",11,1,4,293,0,1,1,"2",1,1,0,0,1,0,0
"2696","6",6,"right","Blue",16,1,4,254,0,1,1,"2",1,1,0,0,1,0,1
"2700","6",6,"right","Blue",20,1,4,262,0,1,1,"2",1,1,0,0,1,0,0
"2702","6",6,"right","Red",2,1,4,260,0,0,1,"2",1,1,0,1,1,0,0
"2703","6",6,"right","Red",3,0,4,279,1,1,0,"1",1,1,1,0,1,0,0
"2705","6",6,"right","Red",5,1,4,228,0,1,1,"2",1,1,0,0,1,0,0
"2709","6",6,"right","Red",9,1,4,176,0,1,1,"2",1,1,0,0,1,0,0
"2711","6",6,"right","Red",11,0,4,222,1,0,1,"1",1,1,1,1,0,0,1
"2712","6",6,"right","Red",12,1,4,317,0,0,1,"2",1,1,0,1,1,0,0
"2714","6",6,"right","Red",14,1,4,228,0,1,1,"2",1,1,0,0,1,0,0
"2716","6",6,"right","Red",16,1,4,228,0,1,1,"2",1,1,0,0,1,0,0
"2722","6",6,"right","Blue",2,1,4,288,0,1,1,"2",1,1,0,0,1,0,0
"2725","6",6,"right","Blue",5,1,4,196,0,1,1,"2",1,1,0,0,1,0,0
"2726","6",6,"right","Blue",6,0,4,292,1,1,0,"1",1,1,1,0,1,0,0
"2730","6",6,"right","Blue",10,1,4,260,0,1,1,"2",1,1,0,0,1,0,0
"2731","6",6,"right","Blue",11,1,4,231,0,1,1,"2",1,1,0,0,1,0,0
"2734","6",6,"right","Blue",14,1,4,239,0,0,1,"2",1,1,0,1,1,0,1
"2735","6",6,"right","Blue",15,0,4,268,1,0,1,"1",1,1,1,1,0,0,0
"2736","6",6,"right","Blue",16,1,4,187,0,0,1,"2",1,1,0,1,1,0,0
"2743","6",6,"right","Red",3,1,4,239,0,0,1,"2",1,1,0,1,1,0,0
"2745","6",6,"right","Red",5,1,4,238,0,0,1,"2",1,1,0,1,1,0,0
"2747","6",6,"right","Red",7,1,4,198,0,1,1,"2",1,1,0,0,1,0,0
"2750","6",6,"right","Red",10,1,4,219,0,1,1,"2",1,1,0,0,1,0,0
"2753","6",6,"right","Red",13,0,4,242,1,1,0,"1",1,1,1,0,1,0,0
"2754","6",6,"right","Red",14,0,4,186,1,0,1,"1",1,1,1,1,0,0,0
"2760","6",6,"right","Red",20,1,4,375,0,1,1,"2",1,1,0,0,1,0,0
"2762","6",6,"right","Blue",2,0,4,289,1,1,0,"1",1,1,1,0,1,0,0
"2764","6",6,"right","Blue",4,1,4,234,0,1,1,"2",1,1,0,0,1,0,0
"2769","6",6,"right","Blue",9,0,4,214,1,0,1,"1",1,1,1,1,0,0,0
"2770","6",6,"right","Blue",10,1,4,230,0,0,1,"2",1,1,0,1,1,0,0
"2771","6",6,"right","Blue",11,1,4,201,0,1,1,"2",1,1,0,0,1,0,0
"2772","6",6,"right","Blue",12,1,4,232,0,1,1,"2",1,1,0,0,1,0,0
"2773","6",6,"right","Blue",13,1,4,227,0,0,1,"2",1,1,0,1,1,0,0
"2775","6",6,"right","Blue",15,1,4,251,0,1,1,"2",1,1,0,0,1,0,0
"2783","6",6,"right","Red",3,0,4,291,1,0,1,"1",1,1,1,1,0,0,0
"2786","6",6,"right","Red",6,0,4,378,1,1,0,"1",1,1,1,0,1,0,0
"2791","6",6,"right","Red",11,1,4,206,0,1,1,"2",1,1,0,0,1,0,1
"2793","6",6,"right","Red",13,1,4,230,0,1,1,"2",1,1,0,0,1,0,0
"2794","6",6,"right","Red",14,1,4,235,0,0,1,"2",1,1,0,1,1,0,0
"2796","6",6,"right","Red",16,1,4,203,0,1,1,"2",1,1,0,0,1,0,0
"2799","6",6,"right","Red",19,1,4,213,0,1,1,"2",1,1,0,0,1,0,0
"2800","6",6,"right","Red",20,1,4,209,0,0,1,"2",1,1,0,1,1,0,0
"2803","6",6,"right","Blue",3,0,4,234,1,0,1,"1",1,1,1,1,0,0,0
"2806","6",6,"right","Blue",6,1,4,235,0,0,1,"2",1,1,0,1,1,0,0
"2808","6",6,"right","Blue",8,1,4,336,0,0,1,"2",1,1,0,1,1,0,0
"2813","6",6,"right","Blue",13,1,4,319,0,1,1,"2",1,1,0,0,1,0,0
"2815","6",6,"right","Blue",15,1,4,215,0,1,1,"2",1,1,0,0,1,0,0
"2816","6",6,"right","Blue",16,1,4,232,0,1,1,"2",1,1,0,0,1,0,0
"2819","6",6,"right","Blue",19,0,4,392,1,1,0,"1",1,1,1,0,1,0,1
"2820","6",6,"right","Blue",20,1,4,266,0,1,1,"2",1,1,0,0,1,0,0
"2821","6",6,"right","Red",1,0,4,206,1,0,1,"1",1,1,1,1,0,0,NA
"2823","6",6,"right","Red",3,1,4,202,0,1,1,"2",1,1,0,0,1,0,0
"2827","6",6,"right","Red",7,1,4,206,0,0,1,"2",1,1,0,1,1,0,0
"2830","6",6,"right","Red",10,1,4,271,0,1,1,"2",1,1,0,0,1,0,1
"2833","6",6,"right","Red",13,1,4,286,0,1,1,"2",1,1,0,0,1,0,0
"2838","6",6,"right","Red",18,1,4,382,0,0,1,"2",1,1,0,1,1,0,0
"2839","6",6,"right","Red",19,0,4,373,1,1,0,"1",1,1,1,0,1,0,0
"2840","6",6,"right","Red",20,1,4,260,0,1,1,"2",1,1,0,0,1,0,0
"2842","6",6,"right","Blue",2,1,4,194,0,1,1,"2",1,1,0,0,1,0,0
"2843","6",6,"right","Blue",3,0,4,226,1,1,0,"1",1,1,1,0,1,0,0
"2846","6",6,"right","Blue",6,1,4,237,0,1,1,"2",1,1,0,0,1,0,0
"2847","6",6,"right","Blue",7,1,4,207,0,1,1,"2",1,1,0,0,1,0,0
"2851","6",6,"right","Blue",11,1,4,237,0,0,1,"2",1,1,0,1,1,0,0
"2859","6",6,"right","Blue",19,1,4,229,0,0,1,"2",1,1,0,1,1,0,0
"2860","6",6,"right","Blue",20,1,4,275,0,1,1,"2",1,1,0,0,1,0,0
"2862","6",6,"right","Red",2,1,4,295,0,0,1,"2",1,1,0,1,1,0,0
"2864","6",6,"right","Red",4,1,4,217,0,1,1,"2",1,1,0,0,1,0,0
"2865","6",6,"right","Red",5,1,4,367,0,1,1,"2",1,1,0,0,1,0,0
"2868","6",6,"right","Red",8,1,4,240,0,0,1,"2",1,1,0,1,1,0,0
"2872","6",6,"right","Red",12,1,4,187,0,1,1,"2",1,1,0,0,1,0,0
"2873","6",6,"right","Red",13,1,4,224,0,1,1,"2",1,1,0,0,1,0,0
"2874","6",6,"right","Red",14,0,4,334,1,1,0,"1",1,1,1,0,1,0,0
"2876","6",6,"right","Red",16,0,4,246,1,0,1,"1",1,1,1,1,0,0,1
"3361","8",5,"left","Blue",1,0,4,395,1,1,0,"1",1,1,1,0,1,0,NA
"3372","8",5,"left","Blue",12,0,4,230,1,0,1,"1",1,1,1,1,0,0,0
"3383","8",5,"left","Red",3,1,4,328,0,1,1,"2",1,1,0,0,1,0,0
"3384","8",5,"left","Red",4,1,4,237,0,1,1,"2",1,1,0,0,1,0,0
"3385","8",5,"left","Red",5,1,4,273,0,1,1,"2",1,1,0,0,1,0,0
"3397","8",5,"left","Red",17,0,4,687,1,0,1,"1",1,1,1,1,0,0,0
"3407","8",5,"left","Blue",7,1,4,269,0,1,1,"2",1,1,0,0,1,0,0
"3412","8",5,"left","Blue",12,1,4,389,0,1,1,"2",1,1,0,0,1,0,0
"3424","8",5,"left","Red",4,1,4,329,0,0,1,"2",1,1,0,1,1,0,0
"3427","8",5,"left","Red",7,1,4,262,0,0,1,"2",1,1,0,1,1,0,0
"3432","8",5,"left","Red",12,1,4,328,0,1,1,"2",1,1,0,0,1,0,0
"3437","8",5,"left","Red",17,0,4,609,1,1,0,"1",1,1,1,0,1,0,0
"3442","8",5,"left","Blue",2,1,4,322,0,0,1,"2",1,1,0,1,1,0,0
"3443","8",5,"left","Blue",3,1,4,263,0,1,1,"2",1,1,0,0,1,0,0
"3449","8",5,"left","Blue",9,1,4,456,0,1,1,"2",1,1,0,0,1,0,0
"3454","8",5,"left","Blue",14,1,4,209,0,1,1,"2",1,1,0,0,1,0,0
"3456","8",5,"left","Blue",16,0,4,224,1,0,1,"1",1,1,1,1,0,0,0
"3460","8",5,"left","Blue",20,0,4,559,1,1,0,"1",1,1,1,0,1,0,0
"3463","8",5,"left","Red",3,1,4,211,0,0,1,"2",1,1,0,1,1,0,0
"3464","8",5,"left","Red",4,0,4,202,1,1,0,"1",1,1,1,0,1,0,0
"3475","8",5,"left","Red",15,0,4,442,1,0,1,"1",1,1,1,1,0,0,0
"3479","8",5,"left","Red",19,1,4,430,0,1,1,"2",1,1,0,0,1,0,0
"3484","8",5,"left","Blue",4,1,4,201,0,1,1,"2",1,1,0,0,1,0,0
"3485","8",5,"left","Blue",5,1,4,204,0,1,1,"2",1,1,0,0,1,0,0
"3486","8",5,"left","Blue",6,0,4,271,1,0,1,"1",1,1,1,1,0,0,0
"3495","8",5,"left","Blue",15,1,4,292,0,0,1,"2",1,1,0,1,1,0,1
"3498","8",5,"left","Blue",18,1,4,253,0,0,1,"2",1,1,0,1,1,0,0
"3499","8",5,"left","Blue",19,1,4,338,0,1,1,"2",1,1,0,0,1,0,0
"3502","8",5,"left","Red",2,1,4,236,0,1,1,"2",1,1,0,0,1,0,0
"3509","8",5,"left","Red",9,1,4,423,0,0,1,"2",1,1,0,1,1,0,0
"3510","8",5,"left","Red",10,1,4,268,0,0,1,"2",1,1,0,1,1,0,0
"3512","8",5,"left","Red",12,1,4,272,0,1,1,"2",1,1,0,0,1,0,0
"3515","8",5,"left","Red",15,1,4,231,0,1,1,"2",1,1,0,0,1,0,0
"3516","8",5,"left","Red",16,0,4,293,1,0,1,"1",1,1,1,1,0,0,0
"3524","8",5,"left","Blue",4,1,4,219,0,1,1,"2",1,1,0,0,1,0,0
"3525","8",5,"left","Blue",5,0,4,275,1,0,1,"1",1,1,1,1,0,0,0
"3526","8",5,"left","Blue",6,0,4,428,1,1,0,"1",1,1,1,0,1,0,0
"3529","8",5,"left","Blue",9,1,4,301,0,0,1,"2",1,1,0,1,1,0,0
"3531","8",5,"left","Blue",11,1,4,274,0,1,1,"2",1,1,0,0,1,0,0
"3535","8",5,"left","Blue",15,1,4,496,0,0,1,"2",1,1,0,1,1,0,0
"3536","8",5,"left","Blue",16,1,4,330,0,1,1,"2",1,1,0,0,1,0,0
"3540","8",5,"left","Blue",20,1,4,241,0,1,1,"2",1,1,0,0,1,0,1
"3541","8",5,"left","Red",1,1,4,422,0,1,1,"2",1,1,0,0,1,0,NA
"3544","8",5,"left","Red",4,0,4,281,1,0,1,"1",1,1,1,1,0,0,0
"3545","8",5,"left","Red",5,1,4,249,0,0,1,"2",1,1,0,1,1,0,0
"3548","8",5,"left","Red",8,0,4,282,1,1,0,"1",1,1,1,0,1,0,1
"3549","8",5,"left","Red",9,1,4,301,0,1,1,"2",1,1,0,0,1,0,0
"3553","8",5,"left","Red",13,1,4,436,0,1,1,"2",1,1,0,0,1,0,0
"3559","8",5,"left","Red",19,1,4,455,0,1,1,"2",1,1,0,0,1,0,0
"3560","8",5,"left","Red",20,1,4,258,0,0,1,"2",1,1,0,1,1,0,0
"3566","8",5,"left","Blue",6,1,4,266,0,0,1,"2",1,1,0,1,1,0,0
"3567","8",5,"left","Blue",7,0,4,306,1,1,0,"1",1,1,1,0,1,0,0
"3568","8",5,"left","Blue",8,1,4,243,0,1,1,"2",1,1,0,0,1,0,0
"3569","8",5,"left","Blue",9,1,4,273,0,1,1,"2",1,1,0,0,1,0,0
"3571","8",5,"left","Blue",11,1,4,231,0,1,1,"2",1,1,0,0,1,0,0
"3574","8",5,"left","Blue",14,1,4,469,0,1,1,"2",1,1,0,0,1,0,0
"3578","8",5,"left","Blue",18,0,4,277,1,0,1,"1",1,1,1,1,0,0,0
"3583","8",5,"left","Red",3,1,4,404,0,1,1,"2",1,1,0,0,1,0,0
"3584","8",5,"left","Red",4,1,4,231,0,1,1,"2",1,1,0,0,1,0,0
"3588","8",5,"left","Red",8,1,4,414,0,0,1,"2",1,1,0,1,1,0,0
"3589","8",5,"left","Red",9,0,4,320,1,0,1,"1",1,1,1,1,0,0,0
"3592","8",5,"left","Red",12,1,4,301,0,1,1,"2",1,1,0,0,1,0,0
"3593","8",5,"left","Red",13,1,4,281,0,1,1,"2",1,1,0,0,1,0,0
"3596","8",5,"left","Red",16,0,4,260,1,1,0,"1",1,1,1,0,1,0,1
"3598","8",5,"left","Red",18,1,4,397,0,0,1,"2",1,1,0,1,1,0,0
"3604","8",6,"right","Blue",4,1,4,300,0,1,1,"2",1,1,0,0,1,0,0
"3605","8",6,"right","Blue",5,1,4,219,0,1,1,"2",1,1,0,0,1,0,0
"3609","8",6,"right","Blue",9,1,4,245,0,1,1,"2",1,1,0,0,1,0,1
"3613","8",6,"right","Blue",13,1,4,344,0,1,1,"2",1,1,0,0,1,0,1
"3616","8",6,"right","Blue",16,0,4,325,1,1,0,"1",1,1,1,0,1,0,0
"3618","8",6,"right","Blue",18,1,4,303,0,0,1,"2",1,1,0,1,1,0,1
"3625","8",6,"right","Red",5,1,4,255,0,1,1,"2",1,1,0,0,1,0,0
"3626","8",6,"right","Red",6,1,4,258,0,1,1,"2",1,1,0,0,1,0,0
"3627","8",6,"right","Red",7,1,4,263,0,1,1,"2",1,1,0,0,1,0,0
"3628","8",6,"right","Red",8,1,4,425,0,0,1,"2",1,1,0,1,1,0,0
"3629","8",6,"right","Red",9,0,4,344,1,0,1,"1",1,1,1,1,0,0,0
"3632","8",6,"right","Red",12,1,4,243,0,0,1,"2",1,1,0,1,1,0,0
"3639","8",6,"right","Red",19,1,4,278,0,1,1,"2",1,1,0,0,1,0,0
"3643","8",6,"right","Blue",3,1,4,342,0,1,1,"2",1,1,0,0,1,0,0
"3646","8",6,"right","Blue",6,1,4,428,0,1,1,"2",1,1,0,0,1,0,0
"3647","8",6,"right","Blue",7,1,4,383,0,1,1,"2",1,1,0,0,1,0,0
"3648","8",6,"right","Blue",8,0,4,448,1,0,1,"1",1,1,1,1,0,0,0
"3656","8",6,"right","Blue",16,1,4,240,0,1,1,"2",1,1,0,0,1,0,0
"3657","8",6,"right","Blue",17,1,4,320,0,0,1,"2",1,1,0,1,1,0,0
"3660","8",6,"right","Blue",20,0,4,437,1,1,0,"1",1,1,1,0,1,0,0
"3667","8",6,"right","Red",7,0,4,252,1,0,1,"1",1,1,1,1,0,0,0
"3668","8",6,"right","Red",8,1,4,254,0,1,1,"2",1,1,0,0,1,0,0
"3671","8",6,"right","Red",11,1,4,311,0,1,1,"2",1,1,0,0,1,0,0
"3672","8",6,"right","Red",12,1,4,362,0,1,1,"2",1,1,0,0,1,0,0
"3680","8",6,"right","Red",20,1,4,516,0,1,1,"2",1,1,0,0,1,0,0
"3682","8",6,"right","Blue",2,1,4,251,0,1,1,"2",1,1,0,0,1,0,0
"3683","8",6,"right","Blue",3,0,4,347,1,1,0,"1",1,1,1,0,1,0,0
"3685","8",6,"right","Blue",5,0,4,268,1,0,1,"1",1,1,1,1,0,0,0
"3688","8",6,"right","Blue",8,1,4,294,0,1,1,"2",1,1,0,0,1,0,0
"3689","8",6,"right","Blue",9,1,4,314,0,1,1,"2",1,1,0,0,1,0,0
"3691","8",6,"right","Blue",11,1,4,325,0,1,1,"2",1,1,0,0,1,0,0
"3695","8",6,"right","Blue",15,1,4,454,0,0,1,"2",1,1,0,1,1,0,1
"3703","8",6,"right","Red",3,0,4,268,1,0,1,"1",1,1,1,1,0,0,0
"3704","8",6,"right","Red",4,1,4,432,0,1,1,"2",1,1,0,0,1,0,0
"3705","8",6,"right","Red",5,1,4,284,0,1,1,"2",1,1,0,0,1,0,0
"3710","8",6,"right","Red",10,1,4,384,0,0,1,"2",1,1,0,1,1,0,0
"3715","8",6,"right","Red",15,1,4,311,0,1,1,"2",1,1,0,0,1,0,0
"3719","8",6,"right","Red",19,1,4,453,0,1,1,"2",1,1,0,0,1,0,0
"3721","8",6,"right","Blue",1,0,4,427,1,1,0,"1",1,1,1,0,1,0,NA
"3725","8",6,"right","Blue",5,1,4,395,0,1,1,"2",1,1,0,0,1,0,0
"3728","8",6,"right","Blue",8,1,4,688,0,1,1,"2",1,1,0,0,1,0,0
"3730","8",6,"right","Blue",10,1,4,328,0,1,1,"2",1,1,0,0,1,0,0
"3732","8",6,"right","Blue",12,1,4,311,0,0,1,"2",1,1,0,1,1,0,0
"3740","8",6,"right","Blue",20,1,4,228,0,1,1,"2",1,1,0,0,1,0,0
"3742","8",6,"right","Red",2,1,4,259,0,1,1,"2",1,1,0,0,1,0,0
"3743","8",6,"right","Red",3,1,4,229,0,1,1,"2",1,1,0,0,1,0,0
"3746","8",6,"right","Red",6,1,4,234,0,1,1,"2",1,1,0,0,1,0,0
"3752","8",6,"right","Red",12,1,4,243,0,0,1,"2",1,1,0,1,1,0,0
"3762","8",6,"right","Blue",2,1,4,271,0,1,1,"2",1,1,0,0,1,0,0
"3764","8",6,"right","Blue",4,0,4,291,1,0,1,"1",1,1,1,1,0,0,0
"3765","8",6,"right","Blue",5,1,4,267,0,1,1,"2",1,1,0,0,1,0,0
"3773","8",6,"right","Blue",13,1,4,260,0,1,1,"2",1,1,0,0,1,0,0
"3774","8",6,"right","Blue",14,1,4,250,0,0,1,"2",1,1,0,1,1,0,0
"3775","8",6,"right","Blue",15,1,4,269,0,0,1,"2",1,1,0,1,1,0,0
"3780","8",6,"right","Blue",20,1,4,426,0,1,1,"2",1,1,0,0,1,0,0
"3781","8",6,"right","Red",1,1,4,290,0,0,1,"2",1,1,0,1,1,0,NA
"3782","8",6,"right","Red",2,0,4,396,1,0,1,"1",1,1,1,1,0,0,0
"3785","8",6,"right","Red",5,1,4,258,0,0,1,"2",1,1,0,1,1,0,0
"3793","8",6,"right","Red",13,0,4,307,1,1,0,"1",1,1,1,0,1,0,0
"3794","8",6,"right","Red",14,1,4,206,0,1,1,"2",1,1,0,0,1,0,0
"3795","8",6,"right","Red",15,1,4,286,0,1,1,"2",1,1,0,0,1,0,0
"3796","8",6,"right","Red",16,1,4,236,0,1,1,"2",1,1,0,0,1,0,0
"3803","8",6,"right","Blue",3,1,4,260,0,1,1,"2",1,1,0,0,1,0,0
"3804","8",6,"right","Blue",4,1,4,291,0,1,1,"2",1,1,0,0,1,0,0
"3807","8",6,"right","Blue",7,1,4,445,0,1,1,"2",1,1,0,0,1,0,0
"3808","8",6,"right","Blue",8,1,4,260,0,0,1,"2",1,1,0,1,1,0,0
"3814","8",6,"right","Blue",14,1,4,257,0,1,1,"2",1,1,0,0,1,0,0
"3817","8",6,"right","Blue",17,1,4,256,0,0,1,"2",1,1,0,1,1,0,0
"3818","8",6,"right","Blue",18,0,4,419,1,0,1,"1",1,1,1,1,0,0,0
"3822","8",6,"right","Red",2,1,4,315,0,1,1,"2",1,1,0,0,1,0,0
"3823","8",6,"right","Red",3,1,4,259,0,0,1,"2",1,1,0,1,1,0,0
"3824","8",6,"right","Red",4,1,4,218,0,1,1,"2",1,1,0,0,1,0,0
"3826","8",6,"right","Red",6,1,4,233,0,1,1,"2",1,1,0,0,1,0,0
"3833","8",6,"right","Red",13,0,4,242,1,1,0,"1",1,1,1,0,1,0,0
"3834","8",6,"right","Red",14,1,4,444,0,1,1,"2",1,1,0,0,1,0,0
"3840","8",6,"right","Red",20,0,4,552,1,0,1,"1",1,1,1,1,0,0,0
"3845","9",5,"left","Blue",5,0,4,393,1,0,1,"1",1,1,1,1,0,0,1
"3858","9",5,"left","Blue",18,0,4,340,1,1,0,"1",1,1,1,0,1,0,0
"3866","9",5,"left","Red",6,0,4,282,1,1,0,"1",1,1,1,0,1,0,0
"3871","9",5,"left","Red",11,1,4,184,0,1,1,"2",1,1,0,0,1,0,0
"3879","9",5,"left","Red",19,0,4,213,1,0,1,"1",1,1,1,1,0,0,0
"3884","9",5,"left","Blue",4,0,4,195,1,0,1,"1",1,1,1,1,0,0,0
"3889","9",5,"left","Blue",9,1,4,191,0,0,1,"2",1,1,0,1,1,0,0
"3891","9",5,"left","Blue",11,1,4,196,0,0,1,"2",1,1,0,1,1,0,0
"3904","9",5,"left","Red",4,1,4,203,0,0,1,"2",1,1,0,1,1,0,0
"3909","9",5,"left","Red",9,0,4,424,1,1,0,"1",1,1,1,0,1,0,0
"3910","9",5,"left","Red",10,0,4,182,1,0,1,"1",1,1,1,1,0,0,0
"3932","9",5,"left","Blue",12,0,4,211,1,0,1,"1",1,1,1,1,0,0,0
"3935","9",5,"left","Blue",15,0,4,366,1,1,0,"1",1,1,1,0,1,0,0
"3945","9",5,"left","Red",5,0,4,333,1,1,0,"1",1,1,1,0,1,0,0
"3951","9",5,"left","Red",11,0,4,291,1,0,1,"1",1,1,1,1,0,0,0
"3964","9",5,"left","Blue",4,0,4,241,1,0,1,"1",1,1,1,1,0,0,0
"3981","9",5,"left","Red",1,1,4,312,0,0,1,"2",1,1,0,1,1,0,NA
"3995","9",5,"left","Red",15,0,4,189,1,0,1,"1",1,1,1,1,0,0,0
"3999","9",5,"left","Red",19,0,4,243,1,1,0,"1",1,1,1,0,1,0,0
"4012","9",5,"left","Blue",12,0,4,264,1,1,0,"1",1,1,1,0,1,0,0
"4019","9",5,"left","Blue",19,1,4,196,0,1,1,"2",1,1,0,0,1,0,0
"4026","9",5,"left","Red",6,0,4,230,1,1,0,"1",1,1,1,0,1,0,0
"4029","9",5,"left","Red",9,0,4,248,1,0,1,"1",1,1,1,1,0,0,0
"4039","9",5,"left","Red",19,1,4,194,0,0,1,"2",1,1,0,1,1,0,0
"4043","9",5,"left","Blue",3,0,4,184,1,1,0,"1",1,1,1,0,1,0,0
"4059","9",5,"left","Blue",19,0,4,269,1,0,1,"1",1,1,1,1,0,0,1
"4061","9",5,"left","Red",1,0,4,307,1,1,0,"1",1,1,1,0,1,0,NA
"4067","9",5,"left","Red",7,0,4,240,1,0,1,"1",1,1,1,1,0,0,0
"4083","9",6,"right","Blue",3,0,4,186,1,1,0,"1",1,1,1,0,1,0,0
"4092","9",6,"right","Blue",12,0,4,219,1,0,1,"1",1,1,1,1,0,0,0
"4101","9",6,"right","Red",1,1,4,246,0,0,1,"2",1,1,0,1,1,0,NA
"4102","9",6,"right","Red",2,1,4,244,0,1,1,"2",1,1,0,0,1,0,0
"4104","9",6,"right","Red",4,0,4,365,1,1,0,"1",1,1,1,0,1,0,0
"4112","9",6,"right","Red",12,0,4,202,1,0,1,"1",1,1,1,1,0,0,0
"4113","9",6,"right","Red",13,1,4,189,0,0,1,"2",1,1,0,1,1,0,0
"4125","9",6,"right","Blue",5,0,4,279,1,0,1,"1",1,1,1,1,0,0,0
"4136","9",6,"right","Blue",16,1,4,245,0,0,1,"2",1,1,0,1,1,0,0
"4144","9",6,"right","Red",4,0,4,220,1,0,1,"1",1,1,1,1,0,0,0
"4145","9",6,"right","Red",5,0,4,284,1,1,0,"1",1,1,1,0,1,0,0
"4169","9",6,"right","Blue",9,0,4,217,1,0,1,"1",1,1,1,1,0,0,0
"4171","9",6,"right","Blue",11,0,4,434,1,1,0,"1",1,1,1,0,1,0,0
"4187","9",6,"right","Red",7,1,4,222,0,0,1,"2",1,1,0,1,1,0,0
"4195","9",6,"right","Red",15,0,4,265,1,0,1,"1",1,1,1,1,0,0,0
"4208","9",6,"right","Blue",8,0,4,228,1,0,1,"1",1,1,1,1,0,0,0
"4235","9",6,"right","Red",15,0,4,225,1,0,1,"1",1,1,1,1,0,0,0
"4237","9",6,"right","Red",17,0,4,250,1,1,0,"1",1,1,1,0,1,0,0
"4242","9",6,"right","Blue",2,0,4,265,1,1,0,"1",1,1,1,0,1,0,0
"4255","9",6,"right","Blue",15,0,4,269,1,0,1,"1",1,1,1,1,0,0,0
"4256","9",6,"right","Blue",16,1,4,221,0,1,1,"2",1,1,0,0,1,0,0
"4273","9",6,"right","Red",13,0,4,355,1,1,0,"1",1,1,1,0,1,0,0
"4279","9",6,"right","Red",19,0,4,284,1,0,1,"1",1,1,1,1,0,0,0
"4288","9",6,"right","Blue",8,0,4,265,1,0,1,"1",1,1,1,1,0,0,0
"4289","9",6,"right","Blue",9,0,4,326,1,1,0,"1",1,1,1,0,1,0,0
"4294","9",6,"right","Blue",14,1,4,259,0,1,1,"2",1,1,0,0,1,0,0
"4301","9",6,"right","Red",1,0,4,313,1,1,0,"1",1,1,1,0,1,0,NA
"4313","9",6,"right","Red",13,0,4,224,1,0,1,"1",1,1,1,1,0,0,0
"4347","10",5,"left","Red",7,0,4,409,1,1,0,"1",1,1,1,0,1,0,0
"4350","10",5,"left","Red",10,1,4,288,0,1,1,"2",1,1,0,0,1,0,0
"4351","10",5,"left","Red",11,1,4,289,0,0,1,"2",1,1,0,1,1,0,0
"4352","10",5,"left","Red",12,1,4,319,0,1,1,"2",1,1,0,0,1,0,0
"4355","10",5,"left","Red",15,0,4,302,1,0,1,"1",1,1,1,1,0,0,0
"4365","10",5,"left","Blue",5,1,4,303,0,0,1,"2",1,1,0,1,1,0,0
"4372","10",5,"left","Blue",12,0,4,231,1,0,1,"1",1,1,1,1,0,0,0
"4381","10",5,"left","Red",1,1,4,263,0,1,1,"2",1,1,0,0,1,0,NA
"4388","10",5,"left","Red",8,0,4,247,1,0,1,"1",1,1,1,1,0,0,0
"4406","10",5,"left","Blue",6,1,4,281,0,0,1,"2",1,1,0,1,1,0,0
"4413","10",5,"left","Blue",13,0,4,264,1,0,1,"1",1,1,1,1,0,0,0
"4417","10",5,"left","Blue",17,1,4,238,0,0,1,"2",1,1,0,1,1,0,0
"4424","10",5,"left","Red",4,0,4,266,1,1,0,"1",1,1,1,0,1,0,0
"4430","10",5,"left","Red",10,1,4,299,0,0,1,"2",1,1,0,1,1,0,0
"4436","10",5,"left","Red",16,0,4,284,1,0,1,"1",1,1,1,1,0,0,0
"4441","10",5,"left","Blue",1,0,4,338,1,1,0,"1",1,1,1,0,1,0,NA
"4444","10",5,"left","Blue",4,1,4,300,0,1,1,"2",1,1,0,0,1,0,0
"4445","10",5,"left","Blue",5,1,4,236,0,1,1,"2",1,1,0,0,1,0,0
"4452","10",5,"left","Blue",12,1,4,350,0,0,1,"2",1,1,0,1,1,0,0
"4453","10",5,"left","Blue",13,0,4,322,1,0,1,"1",1,1,1,1,0,0,0
"4465","10",5,"left","Red",5,1,4,238,0,0,1,"2",1,1,0,1,1,0,0
"4470","10",5,"left","Red",10,0,4,346,1,0,1,"1",1,1,1,1,0,0,0
"4476","10",5,"left","Red",16,0,4,294,1,1,0,"1",1,1,1,0,1,0,0
"4485","10",5,"left","Blue",5,0,4,246,1,0,1,"1",1,1,1,1,0,0,0
"4502","10",5,"left","Red",2,0,4,266,1,0,1,"1",1,1,1,1,0,0,0
"4505","10",5,"left","Red",5,1,4,289,0,0,1,"2",1,1,0,1,1,0,0
"4522","10",5,"left","Blue",2,0,4,280,1,1,0,"1",1,1,1,0,1,0,0
"4524","10",5,"left","Blue",4,1,4,224,0,0,1,"2",1,1,0,1,1,0,0
"4530","10",5,"left","Blue",10,0,4,318,1,0,1,"1",1,1,1,1,0,0,0
"4550","10",5,"left","Red",10,0,4,262,1,0,1,"1",1,1,1,1,0,0,0
"4560","10",5,"left","Red",20,1,4,240,0,1,1,"2",1,1,0,0,1,0,0
"4567","10",6,"right","Blue",7,1,4,220,0,0,1,"2",1,1,0,1,1,0,0
"4576","10",6,"right","Blue",16,1,4,272,0,0,1,"2",1,1,0,1,1,0,0
"4578","10",6,"right","Blue",18,0,4,252,1,1,0,"1",1,1,1,0,1,0,0
"4580","10",6,"right","Blue",20,0,4,230,1,0,1,"1",1,1,1,1,0,0,1
"4593","10",6,"right","Red",13,1,4,272,0,0,1,"2",1,1,0,1,1,0,0
"4597","10",6,"right","Red",17,0,4,316,1,0,1,"1",1,1,1,1,0,0,0
"4599","10",6,"right","Red",19,0,4,303,1,1,0,"1",1,1,1,0,1,0,0
"4606","10",6,"right","Blue",6,0,4,198,1,1,0,"1",1,1,1,0,1,0,0
"4619","10",6,"right","Blue",19,0,4,310,1,0,1,"1",1,1,1,1,0,0,0
"4629","10",6,"right","Red",9,1,4,237,0,0,1,"2",1,1,0,1,1,0,0
"4631","10",6,"right","Red",11,1,4,268,0,1,1,"2",1,1,0,0,1,0,0
"4632","10",6,"right","Red",12,0,4,229,1,0,1,"1",1,1,1,1,0,0,0
"4644","10",6,"right","Blue",4,0,4,284,1,0,1,"1",1,1,1,1,0,0,1
"4659","10",6,"right","Blue",19,0,4,264,1,1,0,"1",1,1,1,0,1,0,0
"4670","10",6,"right","Red",10,1,4,300,0,0,1,"2",1,1,0,1,1,0,0
"4676","10",6,"right","Red",16,0,4,232,1,0,1,"1",1,1,1,1,0,0,0
"4692","10",6,"right","Blue",12,0,4,306,1,1,0,"1",1,1,1,0,1,0,0
"4696","10",6,"right","Blue",16,0,4,264,1,0,1,"1",1,1,1,1,0,0,1
"4703","10",6,"right","Red",3,0,4,220,1,0,1,"1",1,1,1,1,0,0,0
"4714","10",6,"right","Red",14,1,4,282,0,1,1,"2",1,1,0,0,1,0,0
"4719","10",6,"right","Red",19,0,4,271,1,1,0,"1",1,1,1,0,1,0,0
"4726","10",6,"right","Blue",6,0,4,301,1,0,1,"1",1,1,1,1,0,0,0
"4732","10",6,"right","Blue",12,0,4,370,1,1,0,"1",1,1,1,0,1,0,0
"4734","10",6,"right","Blue",14,1,4,290,0,1,1,"2",1,1,0,0,1,0,0
"4740","10",6,"right","Blue",20,1,4,234,0,0,1,"2",1,1,0,1,1,0,0
"4751","10",6,"right","Red",11,1,4,301,0,0,1,"2",1,1,0,1,1,0,0
"4755","10",6,"right","Red",15,1,4,267,0,0,1,"2",1,1,0,1,1,0,0
"4756","10",6,"right","Red",16,0,4,242,1,0,1,"1",1,1,1,1,0,0,0
"4769","10",6,"right","Blue",9,0,4,248,1,0,1,"1",1,1,1,1,0,0,0
"4771","10",6,"right","Blue",11,1,4,317,0,0,1,"2",1,1,0,1,1,0,0
"4777","10",6,"right","Blue",17,0,4,309,1,1,0,"1",1,1,1,0,1,0,0
"4778","10",6,"right","Blue",18,1,4,298,0,1,1,"2",1,1,0,0,1,0,0
"4783","10",6,"right","Red",3,1,4,311,0,0,1,"2",1,1,0,1,1,0,0
"4788","10",6,"right","Red",8,0,4,345,1,0,1,"1",1,1,1,1,0,0,0
"4796","10",6,"right","Red",16,0,4,274,1,1,0,"1",1,1,1,0,1,0,0
"4815","11",6,"right","Red",15,0,4,679,1,1,0,"1",1,1,1,0,1,0,0
"4818","11",6,"right","Red",18,0,4,657,1,0,1,"1",1,1,1,1,0,0,0
"4821","11",6,"right","Blue",1,0,4,537,1,0,1,"1",1,1,1,1,0,0,NA
"4848","11",6,"right","Red",8,0,4,660,1,0,1,"1",1,1,1,1,0,0,0
"4859","11",6,"right","Red",19,0,4,295,1,1,0,"1",1,1,1,0,1,0,0
"4861","11",6,"right","Blue",1,1,4,388,0,0,1,"2",1,1,0,1,1,0,NA
"4868","11",6,"right","Blue",8,0,4,224,1,0,1,"1",1,1,1,1,0,0,0
"4880","11",6,"right","Blue",20,0,4,372,1,1,0,"1",1,1,1,0,1,0,0
"4881","11",6,"right","Red",1,0,4,618,1,0,1,"1",1,1,1,1,0,0,NA
"4894","11",6,"right","Red",14,1,4,390,0,0,1,"2",1,1,0,1,1,0,0
"4906","11",6,"right","Blue",6,0,4,316,1,0,1,"1",1,1,1,1,0,0,0
"4913","11",6,"right","Blue",13,0,4,443,1,1,0,"1",1,1,1,0,1,0,0
"4934","11",6,"right","Red",14,0,4,573,1,0,1,"1",1,1,1,1,0,0,0
"4944","11",6,"right","Blue",4,1,4,675,0,1,1,"2",1,1,0,0,1,0,0
"4950","11",6,"right","Blue",10,1,4,551,0,0,1,"2",1,1,0,1,1,0,0
"4952","11",6,"right","Blue",12,0,4,265,1,1,0,"1",1,1,1,0,1,0,0
"4953","11",6,"right","Blue",13,1,4,256,0,1,1,"2",1,1,0,0,1,0,0
"4954","11",6,"right","Blue",14,0,4,255,1,0,1,"1",1,1,1,1,0,0,0
"4962","11",6,"right","Red",2,1,4,668,0,0,1,"2",1,1,0,1,1,0,0
"4964","11",6,"right","Red",4,1,4,407,0,1,1,"2",1,1,0,0,1,0,0
"4970","11",6,"right","Red",10,0,4,422,1,0,1,"1",1,1,1,1,0,0,0
"4982","11",6,"right","Blue",2,0,4,274,1,0,1,"1",1,1,1,1,0,0,0
"4992","11",6,"right","Blue",12,0,4,364,1,1,0,"1",1,1,1,0,1,0,0
"4999","11",6,"right","Blue",19,1,4,298,0,0,1,"2",1,1,0,1,1,0,0
"5022","11",6,"right","Blue",2,0,4,319,1,1,0,"1",1,1,1,0,1,0,0
"5025","11",6,"right","Blue",5,0,4,250,1,0,1,"1",1,1,1,1,0,0,0
"5027","11",6,"right","Blue",7,1,4,280,0,0,1,"2",1,1,0,1,1,0,0
"5049","11",5,"left","Red",9,0,4,283,1,0,1,"1",1,1,1,1,0,0,0
"5050","11",5,"left","Red",10,1,4,474,0,1,1,"2",1,1,0,0,1,0,0
"5054","11",5,"left","Red",14,1,4,256,0,0,1,"2",1,1,0,1,1,0,0
"5069","11",5,"left","Blue",9,0,4,267,1,0,1,"1",1,1,1,1,0,0,0
"5080","11",5,"left","Blue",20,0,4,262,1,1,0,"1",1,1,1,0,1,0,0
"5082","11",5,"left","Red",2,0,4,454,1,0,1,"1",1,1,1,1,0,0,0
"5083","11",5,"left","Red",3,1,4,248,0,1,1,"2",1,1,0,0,1,0,0
"5099","11",5,"left","Red",19,1,4,440,0,0,1,"2",1,1,0,1,1,0,0
"5105","11",5,"left","Blue",5,0,4,286,1,0,1,"1",1,1,1,1,0,0,0
"5119","11",5,"left","Blue",19,0,4,401,1,1,0,"1",1,1,1,0,1,0,0
"5127","11",5,"left","Red",7,0,4,302,1,0,1,"1",1,1,1,1,0,0,0
"5131","11",5,"left","Red",11,1,4,505,0,1,1,"2",1,1,0,0,1,0,0
"5132","11",5,"left","Red",12,1,4,323,0,1,1,"2",1,1,0,0,1,0,0
"5133","11",5,"left","Red",13,1,4,408,0,1,1,"2",1,1,0,0,1,0,0
"5139","11",5,"left","Red",19,0,4,369,1,1,0,"1",1,1,1,0,1,0,0
"5142","11",5,"left","Blue",2,1,4,366,0,1,1,"2",1,1,0,0,1,0,0
"5152","11",5,"left","Blue",12,0,4,251,1,1,0,"1",1,1,1,0,1,0,0
"5153","11",5,"left","Blue",13,1,4,229,0,1,1,"2",1,1,0,0,1,0,0
"5157","11",5,"left","Blue",17,0,4,303,1,0,1,"1",1,1,1,1,0,0,0
"5164","11",5,"left","Red",4,0,4,251,1,0,1,"1",1,1,1,1,0,0,0
"5168","11",5,"left","Red",8,0,4,377,1,1,0,"1",1,1,1,0,1,0,0
"5172","11",5,"left","Red",12,1,4,272,0,0,1,"2",1,1,0,1,1,0,0
"5174","11",5,"left","Red",14,1,4,284,0,1,1,"2",1,1,0,0,1,0,0
"5183","11",5,"left","Blue",3,0,4,242,1,0,1,"1",1,1,1,1,0,0,0
"5185","11",5,"left","Blue",5,0,4,187,1,1,0,"1",1,1,1,0,1,0,0
"5206","11",5,"left","Red",6,1,4,362,0,1,1,"2",1,1,0,0,1,0,0
"5224","11",5,"left","Blue",4,0,4,268,1,1,0,"1",1,1,1,0,1,0,0
"5235","11",5,"left","Blue",15,1,4,456,0,1,1,"2",1,1,0,0,1,0,0
"5238","11",5,"left","Blue",18,0,4,355,1,0,1,"1",1,1,1,1,0,0,0
"5253","11",5,"left","Red",13,0,4,316,1,0,1,"1",1,1,1,1,0,0,0
"5271","11",5,"left","Blue",11,1,4,309,0,1,1,"2",1,1,0,0,1,0,0
"5273","11",5,"left","Blue",13,0,4,311,1,1,0,"1",1,1,1,0,1,0,0
"5282","12",5,"left","Blue",2,0,4,276,1,0,1,"1",1,1,1,1,0,0,0
"5286","12",5,"left","Blue",6,0,4,314,1,1,0,"1",1,1,1,0,1,0,0
"5294","12",5,"left","Blue",14,1,4,198,0,1,1,"2",1,1,0,0,1,0,0
"5302","12",5,"left","Red",2,1,4,251,0,0,1,"2",1,1,0,1,1,0,0
"5310","12",5,"left","Red",10,0,4,281,1,1,0,"1",1,1,1,0,1,0,0
"5313","12",5,"left","Red",13,0,4,185,1,0,1,"1",1,1,1,1,0,0,0
"5327","12",5,"left","Blue",7,0,4,194,1,0,1,"1",1,1,1,1,0,0,0
"5333","12",5,"left","Blue",13,0,4,376,1,1,0,"1",1,1,1,0,1,0,1
"5346","12",5,"left","Red",6,0,4,232,1,0,1,"1",1,1,1,1,0,0,0
"5349","12",5,"left","Red",9,0,4,239,1,1,0,"1",1,1,1,0,1,0,0
"5364","12",5,"left","Blue",4,0,4,337,1,1,0,"1",1,1,1,0,1,0,0
"5366","12",5,"left","Blue",6,0,4,216,1,0,1,"1",1,1,1,1,0,0,0
"5372","12",5,"left","Blue",12,1,4,184,0,1,1,"2",1,1,0,0,1,0,0
"5379","12",5,"left","Blue",19,1,4,278,0,0,1,"2",1,1,0,1,1,0,1
"5381","12",5,"left","Red",1,0,4,196,1,0,1,"1",1,1,1,1,0,0,NA
"5389","12",5,"left","Red",9,0,4,270,1,1,0,"1",1,1,1,0,1,0,0
"5399","12",5,"left","Red",19,1,4,203,0,0,1,"2",1,1,0,1,1,0,0
"5404","12",5,"left","Blue",4,0,4,230,1,1,0,"1",1,1,1,0,1,0,0
"5415","12",5,"left","Blue",15,1,4,190,0,0,1,"2",1,1,0,1,1,0,0
"5418","12",5,"left","Blue",18,1,4,304,0,0,1,"2",1,1,0,1,1,0,0
"5419","12",5,"left","Blue",19,0,4,271,1,0,1,"1",1,1,1,1,0,0,0
"5422","12",5,"left","Red",2,1,4,214,0,0,1,"2",1,1,0,1,1,0,0
"5424","12",5,"left","Red",4,1,4,241,0,0,1,"2",1,1,0,1,1,0,0
"5431","12",5,"left","Red",11,0,4,201,1,0,1,"1",1,1,1,1,0,0,0
"5439","12",5,"left","Red",19,0,4,223,1,1,0,"1",1,1,1,0,1,0,0
"5441","12",5,"left","Blue",1,0,4,180,1,1,0,"1",1,1,1,0,1,0,NA
"5459","12",5,"left","Blue",19,0,4,254,1,0,1,"1",1,1,1,1,0,0,0
"5462","12",5,"left","Red",2,0,4,252,1,1,0,"1",1,1,1,0,1,0,0
"5479","12",5,"left","Red",19,0,4,196,1,0,1,"1",1,1,1,1,0,0,0
"5486","12",5,"left","Blue",6,0,4,236,1,1,0,"1",1,1,1,0,1,0,0
"5495","12",5,"left","Blue",15,0,4,185,1,0,1,"1",1,1,1,1,0,0,0
"5496","12",5,"left","Blue",16,1,4,237,0,0,1,"2",1,1,0,1,1,0,0
"5503","12",5,"left","Red",3,0,4,218,1,0,1,"1",1,1,1,1,0,0,0
"5509","12",5,"left","Red",9,1,4,202,0,0,1,"2",1,1,0,1,1,0,0
"5520","12",5,"left","Red",20,0,4,294,1,1,0,"1",1,1,1,0,1,0,0
"5532","12",6,"right","Blue",12,0,4,205,1,1,0,"1",1,1,1,0,1,0,0
"5534","12",6,"right","Blue",14,0,4,271,1,0,1,"1",1,1,1,1,0,0,0
"5547","12",6,"right","Red",7,0,4,247,1,0,1,"1",1,1,1,1,0,0,0
"5551","12",6,"right","Red",11,1,4,217,0,0,1,"2",1,1,0,1,1,0,0
"5552","12",6,"right","Red",12,0,4,215,1,1,0,"1",1,1,1,0,1,0,0
"5575","12",6,"right","Blue",15,0,4,223,1,1,0,"1",1,1,1,0,1,0,0
"5577","12",6,"right","Blue",17,0,4,278,1,0,1,"1",1,1,1,1,0,0,0
"5586","12",6,"right","Red",6,0,4,235,1,1,0,"1",1,1,1,0,1,0,0
"5597","12",6,"right","Red",17,0,4,192,1,0,1,"1",1,1,1,1,0,0,0
"5599","12",6,"right","Red",19,1,4,200,0,0,1,"2",1,1,0,1,1,0,0
"5602","12",6,"right","Blue",2,0,4,256,1,1,0,"1",1,1,1,0,1,0,0
"5605","12",6,"right","Blue",5,0,4,225,1,0,1,"1",1,1,1,1,0,0,0
"5607","12",6,"right","Blue",7,1,4,213,0,0,1,"2",1,1,0,1,1,0,0
"5614","12",6,"right","Blue",14,1,4,221,0,0,1,"2",1,1,0,1,1,0,0
"5625","12",6,"right","Red",5,1,4,199,0,0,1,"2",1,1,0,1,1,0,0
"5627","12",6,"right","Red",7,0,4,179,1,1,0,"1",1,1,1,0,1,0,0
"5636","12",6,"right","Red",16,1,4,220,0,0,1,"2",1,1,0,1,1,0,0
"5638","12",6,"right","Red",18,0,4,233,1,0,1,"1",1,1,1,1,0,0,0
"5647","12",6,"right","Blue",7,1,4,203,0,0,1,"2",1,1,0,1,1,0,0
"5656","12",6,"right","Blue",16,0,4,196,1,1,0,"1",1,1,1,0,1,0,0
"5657","12",6,"right","Blue",17,0,4,237,1,0,1,"1",1,1,1,1,0,0,0
"5667","12",6,"right","Red",7,0,4,235,1,1,0,"1",1,1,1,0,1,0,0
"5670","12",6,"right","Red",10,0,4,240,1,0,1,"1",1,1,1,1,0,0,0
"5699","12",6,"right","Blue",19,0,4,214,1,0,1,"1",1,1,1,1,0,0,0
"5704","12",6,"right","Red",4,0,4,192,1,1,0,"1",1,1,1,0,1,0,0
"5713","12",6,"right","Red",13,0,4,308,1,0,1,"1",1,1,1,1,0,0,0
"5722","12",6,"right","Blue",2,0,4,259,1,1,0,"1",1,1,1,0,1,0,0
"5729","12",6,"right","Blue",9,0,4,263,1,0,1,"1",1,1,1,1,0,0,0
"5748","12",6,"right","Red",8,0,4,212,1,0,1,"1",1,1,1,1,0,0,0
"5752","12",6,"right","Red",12,0,4,266,1,1,0,"1",1,1,1,0,1,0,0
"6245","14",5,"left","Blue",5,0,4,342,1,1,0,"1",1,1,1,0,1,0,0
"6255","14",5,"left","Blue",15,1,4,304,0,0,1,"2",1,1,0,1,1,0,0
"6264","14",5,"left","Red",4,0,4,319,1,1,0,"1",1,1,1,0,1,0,0
"6269","14",5,"left","Red",9,1,4,252,0,0,1,"2",1,1,0,1,1,0,0
"6270","14",5,"left","Red",10,1,4,250,0,1,1,"2",1,1,0,0,1,0,0
"6273","14",5,"left","Red",13,1,4,291,0,0,1,"2",1,1,0,1,1,0,0
"6274","14",5,"left","Red",14,0,4,231,1,0,1,"1",1,1,1,1,0,0,0
"6279","14",5,"left","Red",19,1,4,447,0,1,1,"2",1,1,0,0,1,0,0
"6284","14",5,"left","Blue",4,0,4,264,1,1,0,"1",1,1,1,0,1,0,0
"6303","14",5,"left","Red",3,1,4,293,0,0,1,"2",1,1,0,1,1,0,1
"6307","14",5,"left","Red",7,1,4,348,0,0,1,"2",1,1,0,1,1,0,0
"6314","14",5,"left","Red",14,0,4,225,1,0,1,"1",1,1,1,1,0,0,0
"6323","14",5,"left","Blue",3,0,4,186,1,0,1,"1",1,1,1,1,0,0,0
"6330","14",5,"left","Blue",10,0,4,434,1,1,0,"1",1,1,1,0,1,0,0
"6331","14",5,"left","Blue",11,1,4,262,0,0,1,"2",1,1,0,1,1,0,0
"6335","14",5,"left","Blue",15,1,4,269,0,0,1,"2",1,1,0,1,1,0,1
"6344","14",5,"left","Red",4,0,4,287,1,1,0,"1",1,1,1,0,1,0,1
"6354","14",5,"left","Red",14,0,4,219,1,0,1,"1",1,1,1,1,0,0,0
"6357","14",5,"left","Red",17,1,4,319,0,0,1,"2",1,1,0,1,1,0,1
"6364","14",5,"left","Blue",4,0,4,171,1,0,1,"1",1,1,1,1,0,0,0
"6366","14",5,"left","Blue",6,1,4,178,0,1,1,"2",1,1,0,0,1,0,0
"6367","14",5,"left","Blue",7,1,4,297,0,0,1,"2",1,1,0,1,1,0,0
"6375","14",5,"left","Blue",15,0,4,243,1,1,0,"1",1,1,1,0,1,0,0
"6382","14",5,"left","Red",2,1,4,222,0,1,1,"2",1,1,0,0,1,0,0
"6395","14",5,"left","Red",15,0,4,202,1,1,0,"1",1,1,1,0,1,0,1
"6398","14",5,"left","Red",18,1,4,302,0,0,1,"2",1,1,0,1,1,0,0
"6410","14",5,"left","Blue",10,1,4,204,0,0,1,"2",1,1,0,1,1,0,0
"6418","14",5,"left","Blue",18,0,4,257,1,1,0,"1",1,1,1,0,1,0,0
"6420","14",5,"left","Blue",20,0,4,265,1,0,1,"1",1,1,1,1,0,0,0
"6423","14",5,"left","Red",3,1,4,169,0,0,1,"2",1,1,0,1,1,0,0
"6424","14",5,"left","Red",4,0,4,166,1,1,0,"1",1,1,1,0,1,0,0
"6433","14",5,"left","Red",13,1,4,247,0,0,1,"2",1,1,0,1,1,0,0
"6435","14",5,"left","Red",15,0,4,266,1,0,1,"1",1,1,1,1,0,0,0
"6451","14",5,"left","Blue",11,0,4,262,1,0,1,"1",1,1,1,1,0,0,0
"6457","14",5,"left","Blue",17,0,4,207,1,1,0,"1",1,1,1,0,1,0,0
"6459","14",5,"left","Blue",19,1,4,229,0,0,1,"2",1,1,0,1,1,0,0
"6466","14",5,"left","Red",6,0,4,503,1,0,1,"1",1,1,1,1,0,0,0
"6468","14",5,"left","Red",8,1,4,256,0,1,1,"2",1,1,0,0,1,0,0
"6472","14",5,"left","Red",12,1,4,427,0,0,1,"2",1,1,0,1,1,0,0
"6473","14",5,"left","Red",13,1,4,233,0,1,1,"2",1,1,0,0,1,0,0
"6477","14",5,"left","Red",17,1,4,343,0,0,1,"2",1,1,0,1,1,0,1
"6483","14",6,"right","Blue",3,1,4,271,0,0,1,"2",1,1,0,1,1,0,0
"6487","14",6,"right","Blue",7,0,4,226,1,0,1,"1",1,1,1,1,0,0,0
"6488","14",6,"right","Blue",8,1,4,199,0,0,1,"2",1,1,0,1,1,0,0
"6495","14",6,"right","Blue",15,0,4,430,1,1,0,"1",1,1,1,0,1,0,0
"6502","14",6,"right","Red",2,1,4,262,0,0,1,"2",1,1,0,1,1,0,0
"6503","14",6,"right","Red",3,1,4,205,0,1,1,"2",1,1,0,0,1,0,0
"6508","14",6,"right","Red",8,0,4,333,1,0,1,"1",1,1,1,1,0,0,0
"6512","14",6,"right","Red",12,0,4,238,1,1,0,"1",1,1,1,0,1,0,0
"6513","14",6,"right","Red",13,1,4,240,0,0,1,"2",1,1,0,1,1,0,0
"6521","14",6,"right","Blue",1,1,4,313,0,0,1,"2",1,1,0,1,1,0,NA
"6523","14",6,"right","Blue",3,0,4,210,1,0,1,"1",1,1,1,1,0,0,1
"6531","14",6,"right","Blue",11,0,4,235,1,1,0,"1",1,1,1,0,1,0,1
"6534","14",6,"right","Blue",14,1,4,247,0,1,1,"2",1,1,0,0,1,0,0
"6546","14",6,"right","Red",6,0,4,237,1,0,1,"1",1,1,1,1,0,0,0
"6552","14",6,"right","Red",12,1,4,288,0,0,1,"2",1,1,0,1,1,0,0
"6555","14",6,"right","Red",15,0,4,279,1,1,0,"1",1,1,1,0,1,0,0
"6558","14",6,"right","Red",18,1,4,182,0,0,1,"2",1,1,0,1,1,0,0
"6563","14",6,"right","Blue",3,0,4,231,1,0,1,"1",1,1,1,1,0,0,1
"6566","14",6,"right","Blue",6,0,4,197,1,1,0,"1",1,1,1,0,1,0,0
"6568","14",6,"right","Blue",8,1,4,344,0,0,1,"2",1,1,0,1,1,0,0
"6582","14",6,"right","Red",2,1,4,253,0,0,1,"2",1,1,0,1,1,0,0
"6583","14",6,"right","Red",3,0,4,177,1,0,1,"1",1,1,1,1,0,0,0
"6586","14",6,"right","Red",6,0,4,309,1,1,0,"1",1,1,1,0,1,0,0
"6592","14",6,"right","Red",12,1,4,171,0,1,1,"2",1,1,0,0,1,0,0
"6603","14",6,"right","Blue",3,0,4,422,1,1,0,"1",1,1,1,0,1,0,0
"6604","14",6,"right","Blue",4,1,4,236,0,1,1,"2",1,1,0,0,1,0,0
"6605","14",6,"right","Blue",5,1,4,234,0,1,1,"2",1,1,0,0,1,0,0
"6611","14",6,"right","Blue",11,1,4,228,0,0,1,"2",1,1,0,1,1,0,0
"6612","14",6,"right","Blue",12,0,4,256,1,0,1,"1",1,1,1,1,0,0,0
"6616","14",6,"right","Blue",16,1,4,189,0,0,1,"2",1,1,0,1,1,0,0
"6621","14",6,"right","Red",1,0,4,199,1,1,0,"1",1,1,1,0,1,0,NA
"6631","14",6,"right","Red",11,1,4,177,0,1,1,"2",1,1,0,0,1,0,1
"6640","14",6,"right","Red",20,0,4,208,1,0,1,"1",1,1,1,1,0,0,1
"6648","14",6,"right","Blue",8,0,4,418,1,1,0,"1",1,1,1,0,1,0,0
"6650","14",6,"right","Blue",10,1,4,205,0,1,1,"2",1,1,0,0,1,0,0
"6652","14",6,"right","Blue",12,0,4,225,1,0,1,"1",1,1,1,1,0,0,0
"6671","14",6,"right","Red",11,1,4,232,0,0,1,"2",1,1,0,1,1,0,0
"6681","14",6,"right","Blue",1,1,4,440,0,0,1,"2",1,1,0,1,1,0,NA
"6687","14",6,"right","Blue",7,1,4,206,0,0,1,"2",1,1,0,1,1,0,1
"6688","14",6,"right","Blue",8,0,4,200,1,1,0,"1",1,1,1,0,1,0,0
"6691","14",6,"right","Blue",11,0,4,210,1,0,1,"1",1,1,1,1,0,0,0
"6719","14",6,"right","Red",19,1,4,258,0,0,1,"2",1,1,0,1,1,0,0
"6720","14",6,"right","Red",20,0,4,295,1,0,1,"1",1,1,1,1,0,0,0
"7213","16",6,"right","Red",13,0,4,259,1,1,0,"1",1,1,1,0,1,0,0
"7232","16",6,"right","Blue",12,0,4,224,1,1,0,"1",1,1,1,0,1,0,0
"7238","16",6,"right","Blue",18,0,4,236,1,0,1,"1",1,1,1,1,0,0,1
"7244","16",6,"right","Red",4,0,4,241,1,0,1,"1",1,1,1,1,0,0,0
"7265","16",6,"right","Blue",5,0,4,254,1,1,0,"1",1,1,1,0,1,0,0
"7279","16",6,"right","Blue",19,0,4,289,1,0,1,"1",1,1,1,1,0,0,0
"7282","16",6,"right","Red",2,0,4,240,1,1,0,"1",1,1,1,0,1,0,0
"7291","16",6,"right","Red",11,0,4,258,1,0,1,"1",1,1,1,1,0,0,1
"7306","16",6,"right","Blue",6,0,4,235,1,1,0,"1",1,1,1,0,1,0,0
"7312","16",6,"right","Blue",12,0,4,462,1,0,1,"1",1,1,1,1,0,0,1
"7332","16",6,"right","Red",12,0,4,317,1,1,0,"1",1,1,1,0,1,0,0
"7347","16",6,"right","Blue",7,0,4,380,1,1,0,"1",1,1,1,0,1,0,0
"7352","16",6,"right","Blue",12,1,4,243,0,1,1,"2",1,1,0,0,1,0,0
"7356","16",6,"right","Blue",16,0,4,250,1,0,1,"1",1,1,1,1,0,0,0
"7364","16",6,"right","Red",4,0,4,323,1,0,1,"1",1,1,1,1,0,0,0
"7366","16",6,"right","Red",6,0,4,261,1,1,0,"1",1,1,1,0,1,0,0
"7386","16",6,"right","Blue",6,0,4,313,1,1,0,"1",1,1,1,0,1,0,0
"7393","16",6,"right","Blue",13,0,4,268,1,0,1,"1",1,1,1,1,0,0,0
"7411","16",6,"right","Red",11,0,4,417,1,1,0,"1",1,1,1,0,1,0,0
"7421","16",6,"right","Blue",1,0,4,418,1,1,0,"1",1,1,1,0,1,0,NA
"7430","16",6,"right","Blue",10,0,4,453,1,0,1,"1",1,1,1,1,0,0,0
"7445","16",5,"left","Red",5,0,4,228,1,1,0,"1",1,1,1,0,1,0,0
"7459","16",5,"left","Red",19,0,4,268,1,0,1,"1",1,1,1,1,0,0,0
"7478","16",5,"left","Blue",18,0,4,301,1,1,0,"1",1,1,1,0,1,0,1
"7480","16",5,"left","Blue",20,0,4,248,1,0,1,"1",1,1,1,1,0,0,0
"7488","16",5,"left","Red",8,1,4,308,0,1,1,"2",1,1,0,0,1,0,0
"7498","16",5,"left","Red",18,0,4,370,1,1,0,"1",1,1,1,0,1,0,0
"7502","16",5,"left","Blue",2,0,4,261,1,0,1,"1",1,1,1,1,0,0,0
"7505","16",5,"left","Blue",5,0,4,213,1,1,0,"1",1,1,1,0,1,0,0
"7521","16",5,"left","Red",1,0,4,189,1,1,0,"1",1,1,1,0,1,0,NA
"7537","16",5,"left","Red",17,0,4,239,1,0,1,"1",1,1,1,1,0,0,0
"7541","16",5,"left","Blue",1,0,4,215,1,0,1,"1",1,1,1,1,0,0,NA
"7546","16",5,"left","Blue",6,0,4,257,1,1,0,"1",1,1,1,0,1,0,0
"7561","16",5,"left","Red",1,0,4,246,1,0,1,"1",1,1,1,1,0,0,NA
"7566","16",5,"left","Red",6,1,4,253,0,1,1,"2",1,1,0,0,1,0,0
"7570","16",5,"left","Red",10,0,4,281,1,1,0,"1",1,1,1,0,1,0,0
"7596","16",5,"left","Blue",16,0,4,238,1,0,1,"1",1,1,1,1,0,0,0
"7597","16",5,"left","Blue",17,0,4,259,1,1,0,"1",1,1,1,0,1,0,0
"7603","16",5,"left","Red",3,0,4,257,1,1,0,"1",1,1,1,0,1,0,1
"7610","16",5,"left","Red",10,0,4,277,1,0,1,"1",1,1,1,1,0,0,0
"7624","16",5,"left","Blue",4,0,4,361,1,0,1,"1",1,1,1,1,0,0,0
"7625","16",5,"left","Blue",5,1,4,297,0,0,1,"2",1,1,0,1,1,0,0
"7630","16",5,"left","Blue",10,0,4,227,1,1,0,"1",1,1,1,0,1,0,0
"7654","16",5,"left","Red",14,0,4,376,1,1,0,"1",1,1,1,0,1,0,0
"7659","16",5,"left","Red",19,0,4,400,1,0,1,"1",1,1,1,1,0,0,0
"7666","16",5,"left","Blue",6,1,4,288,0,1,1,"2",1,1,0,0,1,0,0
"7674","16",5,"left","Blue",14,0,4,301,1,1,0,"1",1,1,1,0,1,0,0
"7698","17",5,"left","Blue",18,1,4,295,0,1,1,"2",1,1,0,0,1,0,0
"7699","17",5,"left","Blue",19,0,4,217,1,1,0,"1",1,1,1,0,1,0,0
"7705","17",5,"left","Red",5,0,4,283,1,1,0,"1",1,1,1,0,1,0,0
"7709","17",5,"left","Red",9,0,4,422,1,0,1,"1",1,1,1,1,0,0,0
"7712","17",5,"left","Red",12,1,4,265,0,0,1,"2",1,1,0,1,1,0,0
"7720","17",5,"left","Red",20,1,4,527,0,0,1,"2",1,1,0,1,1,0,0
"7725","17",5,"left","Blue",5,1,4,310,0,1,1,"2",1,1,0,0,1,0,0
"7729","17",5,"left","Blue",9,0,4,323,1,1,0,"1",1,1,1,0,1,0,0
"7731","17",5,"left","Blue",11,1,4,270,0,0,1,"2",1,1,0,1,1,0,0
"7746","17",5,"left","Red",6,1,4,284,0,0,1,"2",1,1,0,1,1,0,0
"7752","17",5,"left","Red",12,0,4,364,1,1,0,"1",1,1,1,0,1,0,0
"7756","17",5,"left","Red",16,0,4,297,1,0,1,"1",1,1,1,1,0,0,0
"7758","17",5,"left","Red",18,1,4,368,0,0,1,"2",1,1,0,1,1,0,0
"7761","17",5,"left","Blue",1,0,4,415,1,1,0,"1",1,1,1,0,1,0,NA
"7773","17",5,"left","Blue",13,0,4,381,1,0,1,"1",1,1,1,1,0,0,1
"7776","17",5,"left","Blue",16,1,4,280,0,0,1,"2",1,1,0,1,1,0,0
"7777","17",5,"left","Blue",17,1,4,257,0,0,1,"2",1,1,0,1,1,0,0
"7785","17",5,"left","Red",5,0,4,362,1,0,1,"1",1,1,1,1,0,0,0
"7790","17",5,"left","Red",10,0,4,363,1,1,0,"1",1,1,1,0,1,0,0
"7802","17",5,"left","Blue",2,0,4,346,1,1,0,"1",1,1,1,0,1,0,0
"7809","17",5,"left","Blue",9,1,4,284,0,0,1,"2",1,1,0,1,1,0,0
"7812","17",5,"left","Blue",12,1,4,374,0,0,1,"2",1,1,0,1,1,0,1
"7818","17",5,"left","Blue",18,0,4,383,1,0,1,"1",1,1,1,1,0,0,0
"7822","17",5,"left","Red",2,0,4,394,1,1,0,"1",1,1,1,0,1,0,0
"7833","17",5,"left","Red",13,1,4,359,0,0,1,"2",1,1,0,1,1,0,0
"7838","17",5,"left","Red",18,0,4,393,1,0,1,"1",1,1,1,1,0,0,0
"7844","17",5,"left","Blue",4,0,4,291,1,1,0,"1",1,1,1,0,1,0,0
"7847","17",5,"left","Blue",7,1,4,304,0,1,1,"2",1,1,0,0,1,0,0
"7848","17",5,"left","Blue",8,1,4,375,0,0,1,"2",1,1,0,1,1,0,0
"7849","17",5,"left","Blue",9,0,4,543,1,0,1,"1",1,1,1,1,0,0,0
"7869","17",5,"left","Red",9,1,4,306,0,0,1,"2",1,1,0,1,1,0,0
"7870","17",5,"left","Red",10,0,4,299,1,0,1,"1",1,1,1,1,0,0,0
"7877","17",5,"left","Red",17,0,4,341,1,1,0,"1",1,1,1,0,1,0,0
"7886","17",5,"left","Blue",6,1,4,288,0,0,1,"2",1,1,0,1,1,0,0
"7889","17",5,"left","Blue",9,1,4,325,0,0,1,"2",1,1,0,1,1,0,0
"7895","17",5,"left","Blue",15,0,4,545,1,0,1,"1",1,1,1,1,0,0,0
"7909","17",5,"left","Red",9,0,4,301,1,1,0,"1",1,1,1,0,1,0,0
"7911","17",5,"left","Red",11,1,4,282,0,0,1,"2",1,1,0,1,1,0,0
"7916","17",5,"left","Red",16,0,4,269,1,0,1,"1",1,1,1,1,0,0,0
"7918","17",5,"left","Red",18,1,4,318,0,0,1,"2",1,1,0,1,1,0,0
"7922","17",6,"right","Blue",2,1,4,229,0,0,1,"2",1,1,0,1,1,0,0
"7923","17",6,"right","Blue",3,0,4,262,1,0,1,"1",1,1,1,1,0,0,0
"7925","17",6,"right","Blue",5,0,4,295,1,1,0,"1",1,1,1,0,1,0,0
"7931","17",6,"right","Blue",11,1,4,236,0,1,1,"2",1,1,0,0,1,0,0
"7938","17",6,"right","Blue",18,1,4,267,0,0,1,"2",1,1,0,1,1,0,0
"7941","17",6,"right","Red",1,1,4,278,0,0,1,"2",1,1,0,1,1,0,NA
"7945","17",6,"right","Red",5,1,4,285,0,0,1,"2",1,1,0,1,1,0,0
"7947","17",6,"right","Red",7,0,4,290,1,0,1,"1",1,1,1,1,0,0,0
"7956","17",6,"right","Red",16,0,4,371,1,1,0,"1",1,1,1,0,1,0,0
"7961","17",6,"right","Blue",1,0,4,265,1,1,0,"1",1,1,1,0,1,0,NA
"7965","17",6,"right","Blue",5,0,4,254,1,0,1,"1",1,1,1,1,0,0,0
"7967","17",6,"right","Blue",7,1,4,261,0,0,1,"2",1,1,0,1,1,0,0
"7977","17",6,"right","Blue",17,1,4,297,0,0,1,"2",1,1,0,1,1,0,0
"7988","17",6,"right","Red",8,0,4,293,1,1,0,"1",1,1,1,0,1,0,0
"7992","17",6,"right","Red",12,1,4,285,0,1,1,"2",1,1,0,0,1,0,0
"7993","17",6,"right","Red",13,1,4,237,0,0,1,"2",1,1,0,1,1,0,0
"7995","17",6,"right","Red",15,0,4,251,1,0,1,"1",1,1,1,1,0,0,0
"7996","17",6,"right","Red",16,1,4,240,0,0,1,"2",1,1,0,1,1,0,0
"8002","17",6,"right","Blue",2,1,4,231,0,0,1,"2",1,1,0,1,1,0,0
"8010","17",6,"right","Blue",10,0,4,263,1,0,1,"1",1,1,1,1,0,0,0
"8011","17",6,"right","Blue",11,0,4,353,1,1,0,"1",1,1,1,0,1,0,0
"8013","17",6,"right","Blue",13,1,4,264,0,1,1,"2",1,1,0,0,1,0,0
"8017","17",6,"right","Blue",17,1,4,282,0,1,1,"2",1,1,0,0,1,0,0
"8021","17",6,"right","Red",1,1,4,258,0,1,1,"2",1,1,0,0,1,0,NA
"8029","17",6,"right","Red",9,0,4,339,1,1,0,"1",1,1,1,0,1,0,0
"8033","17",6,"right","Red",13,1,4,340,0,0,1,"2",1,1,0,1,1,0,0
"8034","17",6,"right","Red",14,1,4,444,0,0,1,"2",1,1,0,1,1,0,0
"8039","17",6,"right","Red",19,0,4,263,1,0,1,"1",1,1,1,1,0,0,0
"8045","17",6,"right","Blue",5,1,4,279,0,0,1,"2",1,1,0,1,1,0,0
"8046","17",6,"right","Blue",6,1,4,252,0,0,1,"2",1,1,0,1,1,0,0
"8049","17",6,"right","Blue",9,0,4,437,1,1,0,"1",1,1,1,0,1,0,0
"8051","17",6,"right","Blue",11,1,4,263,0,1,1,"2",1,1,0,0,1,0,0
"8057","17",6,"right","Blue",17,0,4,260,1,0,1,"1",1,1,1,1,0,0,0
"8063","17",6,"right","Red",3,1,4,310,0,0,1,"2",1,1,0,1,1,0,0
"8064","17",6,"right","Red",4,0,4,258,1,1,0,"1",1,1,1,0,1,0,0
"8072","17",6,"right","Red",12,1,4,260,0,0,1,"2",1,1,0,1,1,0,0
"8075","17",6,"right","Red",15,0,4,370,1,0,1,"1",1,1,1,1,0,0,0
"8078","17",6,"right","Red",18,1,4,359,0,1,1,"2",1,1,0,0,1,0,0
"8087","17",6,"right","Blue",7,1,4,249,0,0,1,"2",1,1,0,1,1,0,0
"8088","17",6,"right","Blue",8,0,4,217,1,0,1,"1",1,1,1,1,0,0,0
"8091","17",6,"right","Blue",11,1,4,240,0,1,1,"2",1,1,0,0,1,0,0
"8096","17",6,"right","Blue",16,0,4,184,1,1,0,"1",1,1,1,0,1,0,0
"8097","17",6,"right","Blue",17,1,4,253,0,0,1,"2",1,1,0,1,1,0,0
"8101","17",6,"right","Red",1,0,4,250,1,0,1,"1",1,1,1,1,0,0,NA
"8106","17",6,"right","Red",6,1,4,235,0,0,1,"2",1,1,0,1,1,0,0
"8107","17",6,"right","Red",7,1,4,250,0,0,1,"2",1,1,0,1,1,0,0
"8109","17",6,"right","Red",9,0,4,300,1,1,0,"1",1,1,1,0,1,0,0
"8119","17",6,"right","Red",19,1,4,245,0,1,1,"2",1,1,0,0,1,0,0
"8124","17",6,"right","Blue",4,1,4,345,0,0,1,"2",1,1,0,1,1,0,0
"8128","17",6,"right","Blue",8,1,4,261,0,0,1,"2",1,1,0,1,1,0,0
"8134","17",6,"right","Blue",14,0,4,289,1,1,0,"1",1,1,1,0,1,0,0
"8136","17",6,"right","Blue",16,0,4,288,1,0,1,"1",1,1,1,1,0,0,0
"8137","17",6,"right","Blue",17,1,4,306,0,1,1,"2",1,1,0,0,1,0,0
"8141","17",6,"right","Red",1,0,4,258,1,0,1,"1",1,1,1,1,0,0,NA
"8146","17",6,"right","Red",6,1,4,342,0,0,1,"2",1,1,0,1,1,0,0
"8150","17",6,"right","Red",10,0,4,293,1,1,0,"1",1,1,1,0,1,0,0
"8155","17",6,"right","Red",15,1,4,280,0,0,1,"2",1,1,0,1,1,0,0
"8175","18",6,"right","Red",15,0,4,217,1,1,0,"1",1,1,1,0,1,0,1
"8177","18",6,"right","Red",17,1,4,331,0,1,1,"2",1,1,0,0,1,0,1
"8179","18",6,"right","Red",19,0,4,232,1,0,1,"1",1,1,1,1,0,0,0
"8183","18",6,"right","Blue",3,0,4,254,1,0,1,"1",1,1,1,1,0,0,0
"8184","18",6,"right","Blue",4,0,4,489,1,1,0,"1",1,1,1,0,1,0,0
"8189","18",6,"right","Blue",9,1,4,257,0,1,1,"2",1,1,0,0,1,0,0
"8194","18",6,"right","Blue",14,1,4,232,0,0,1,"2",1,1,0,1,1,0,1
"8202","18",6,"right","Red",2,0,4,254,1,1,0,"1",1,1,1,0,1,0,0
"8211","18",6,"right","Red",11,1,4,224,0,0,1,"2",1,1,0,1,1,0,0
"8214","18",6,"right","Red",14,0,4,284,1,0,1,"1",1,1,1,1,0,0,0
"8215","18",6,"right","Red",15,1,4,225,0,0,1,"2",1,1,0,1,1,0,0
"8218","18",6,"right","Red",18,1,4,194,0,1,1,"2",1,1,0,0,1,0,0
"8222","18",6,"right","Blue",2,1,4,244,0,0,1,"2",1,1,0,1,1,0,0
"8226","18",6,"right","Blue",6,1,4,240,0,0,1,"2",1,1,0,1,1,0,0
"8230","18",6,"right","Blue",10,1,4,312,0,1,1,"2",1,1,0,0,1,0,1
"8232","18",6,"right","Blue",12,0,4,335,1,1,0,"1",1,1,1,0,1,0,0
"8233","18",6,"right","Blue",13,0,4,294,1,0,1,"1",1,1,1,1,0,0,0
"8234","18",6,"right","Blue",14,1,4,284,0,1,1,"2",1,1,0,0,1,0,0
"8237","18",6,"right","Blue",17,1,4,304,0,1,1,"2",1,1,0,0,1,0,0
"8244","18",6,"right","Red",4,1,4,259,0,0,1,"2",1,1,0,1,1,0,0
"8246","18",6,"right","Red",6,0,4,377,1,1,0,"1",1,1,1,0,1,0,0
"8251","18",6,"right","Red",11,1,4,231,0,1,1,"2",1,1,0,0,1,0,0
"8260","18",6,"right","Red",20,0,4,287,1,0,1,"1",1,1,1,1,0,0,0
"8261","18",6,"right","Blue",1,1,4,248,0,1,1,"2",1,1,0,0,1,0,NA
"8263","18",6,"right","Blue",3,1,4,252,0,1,1,"2",1,1,0,0,1,0,0
"8267","18",6,"right","Blue",7,0,4,322,1,0,1,"1",1,1,1,1,0,0,0
"8272","18",6,"right","Blue",12,0,4,308,1,1,0,"1",1,1,1,0,1,0,0
"8293","18",6,"right","Red",13,1,4,270,0,1,1,"2",1,1,0,0,1,0,0
"8294","18",6,"right","Red",14,1,4,258,0,0,1,"2",1,1,0,1,1,0,0
"8309","18",6,"right","Blue",9,0,4,278,1,1,0,"1",1,1,1,0,1,0,0
"8310","18",6,"right","Blue",10,0,4,340,1,0,1,"1",1,1,1,1,0,0,0
"8312","18",6,"right","Blue",12,1,4,355,0,1,1,"2",1,1,0,0,1,0,0
"8315","18",6,"right","Blue",15,1,4,236,0,1,1,"2",1,1,0,0,1,0,0
"8322","18",6,"right","Red",2,0,4,221,1,0,1,"1",1,1,1,1,0,0,1
"8324","18",6,"right","Red",4,1,4,438,0,1,1,"2",1,1,0,0,1,0,1
"8327","18",6,"right","Red",7,1,4,418,0,0,1,"2",1,1,0,1,1,0,0
"8336","18",6,"right","Red",16,1,4,348,0,1,1,"2",1,1,0,0,1,0,0
"8339","18",6,"right","Red",19,0,4,432,1,1,0,"1",1,1,1,0,1,0,0
"8340","18",6,"right","Red",20,1,4,272,0,1,1,"2",1,1,0,0,1,0,0
"8341","18",6,"right","Blue",1,1,4,265,0,0,1,"2",1,1,0,1,1,0,NA
"8352","18",6,"right","Blue",12,1,4,318,0,0,1,"2",1,1,0,1,1,0,0
"8354","18",6,"right","Blue",14,0,4,337,1,1,0,"1",1,1,1,0,1,0,0
"8363","18",6,"right","Red",3,0,4,223,1,1,0,"1",1,1,1,0,1,0,0
"8369","18",6,"right","Red",9,1,4,451,0,0,1,"2",1,1,0,1,1,0,0
"8373","18",6,"right","Red",13,1,4,226,0,0,1,"2",1,1,0,1,1,0,0
"8377","18",6,"right","Red",17,0,4,273,1,0,1,"1",1,1,1,1,0,0,0
"8379","18",6,"right","Red",19,1,4,340,0,1,1,"2",1,1,0,0,1,0,0
"8389","18",6,"right","Blue",9,0,4,231,1,0,1,"1",1,1,1,1,0,0,0
"8394","18",6,"right","Blue",14,1,4,415,0,1,1,"2",1,1,0,0,1,0,0
"8397","18",6,"right","Blue",17,0,4,306,1,1,0,"1",1,1,1,0,1,0,0
"8399","18",6,"right","Blue",19,1,4,255,0,0,1,"2",1,1,0,1,1,0,0
"8400","18",6,"right","Blue",20,1,4,313,0,1,1,"2",1,1,0,0,1,0,0
"8402","18",5,"left","Red",2,0,4,214,1,0,1,"1",1,1,1,1,0,0,0
"8404","18",5,"left","Red",4,1,4,212,0,1,1,"2",1,1,0,0,1,0,0
"8408","18",5,"left","Red",8,1,4,331,0,0,1,"2",1,1,0,1,1,0,0
"8411","18",5,"left","Red",11,1,4,352,0,1,1,"2",1,1,0,0,1,0,0
"8415","18",5,"left","Red",15,0,4,230,1,1,0,"1",1,1,1,0,1,0,0
"8417","18",5,"left","Red",17,1,4,234,0,1,1,"2",1,1,0,0,1,0,0
"8422","18",5,"left","Blue",2,1,4,258,0,1,1,"2",1,1,0,0,1,0,0
"8429","18",5,"left","Blue",9,0,4,263,1,0,1,"1",1,1,1,1,0,0,0
"8430","18",5,"left","Blue",10,0,4,429,1,1,0,"1",1,1,1,0,1,0,0
"8441","18",5,"left","Red",1,0,4,281,1,1,0,"1",1,1,1,0,1,0,NA
"8450","18",5,"left","Red",10,1,4,237,0,0,1,"2",1,1,0,1,1,0,0
"8457","18",5,"left","Red",17,1,4,267,0,1,1,"2",1,1,0,0,1,0,0
"8461","18",5,"left","Blue",1,0,4,235,1,0,1,"1",1,1,1,1,0,0,NA
"8473","18",5,"left","Blue",13,1,4,310,0,1,1,"2",1,1,0,0,1,0,0
"8476","18",5,"left","Blue",16,1,4,254,0,1,1,"2",1,1,0,0,1,0,0
"8478","18",5,"left","Blue",18,1,4,301,0,0,1,"2",1,1,0,1,1,0,0
"8479","18",5,"left","Blue",19,1,4,265,0,1,1,"2",1,1,0,0,1,0,0
"8482","18",5,"left","Red",2,1,4,233,0,0,1,"2",1,1,0,1,1,0,1
"8485","18",5,"left","Red",5,1,4,232,0,0,1,"2",1,1,0,1,1,0,0
"8495","18",5,"left","Red",15,1,4,325,0,1,1,"2",1,1,0,0,1,0,1
"8501","18",5,"left","Blue",1,0,4,271,1,0,1,"1",1,1,1,1,0,0,NA
"8503","18",5,"left","Blue",3,1,4,301,0,1,1,"2",1,1,0,0,1,0,0
"8506","18",5,"left","Blue",6,0,4,321,1,1,0,"1",1,1,1,0,1,0,0
"8511","18",5,"left","Blue",11,1,4,284,0,0,1,"2",1,1,0,1,1,0,0
"8518","18",5,"left","Blue",18,1,4,285,0,1,1,"2",1,1,0,0,1,0,0
"8525","18",5,"left","Red",5,1,4,271,0,1,1,"2",1,1,0,0,1,0,0
"8532","18",5,"left","Red",12,1,4,267,0,1,1,"2",1,1,0,0,1,0,0
"8534","18",5,"left","Red",14,1,4,330,0,0,1,"2",1,1,0,1,1,0,0
"8536","18",5,"left","Red",16,0,4,251,1,0,1,"1",1,1,1,1,0,0,0
"8540","18",5,"left","Red",20,0,4,470,1,1,0,"1",1,1,1,0,1,0,0
"8545","18",5,"left","Blue",5,0,4,305,1,0,1,"1",1,1,1,1,0,0,0
"8548","18",5,"left","Blue",8,1,4,253,0,1,1,"2",1,1,0,0,1,0,0
"8551","18",5,"left","Blue",11,1,4,228,0,1,1,"2",1,1,0,0,1,0,0
"8552","18",5,"left","Blue",12,1,4,346,0,0,1,"2",1,1,0,1,1,0,0
"8553","18",5,"left","Blue",13,1,4,236,0,1,1,"2",1,1,0,0,1,0,0
"8559","18",5,"left","Blue",19,0,4,402,1,1,0,"1",1,1,1,0,1,0,0
"8560","18",5,"left","Blue",20,1,4,257,0,1,1,"2",1,1,0,0,1,0,0
"8563","18",5,"left","Red",3,0,4,289,1,0,1,"1",1,1,1,1,0,0,0
"8565","18",5,"left","Red",5,1,4,239,0,0,1,"2",1,1,0,1,1,0,0
"8567","18",5,"left","Red",7,0,4,246,1,1,0,"1",1,1,1,0,1,0,0
"8568","18",5,"left","Red",8,1,4,265,0,1,1,"2",1,1,0,0,1,0,0
"8573","18",5,"left","Red",13,1,4,285,0,1,1,"2",1,1,0,0,1,0,0
"8577","18",5,"left","Red",17,1,4,269,0,1,1,"2",1,1,0,0,1,0,0
"8578","18",5,"left","Red",18,1,4,358,0,0,1,"2",1,1,0,1,1,0,0
"8583","18",5,"left","Blue",3,1,4,240,0,1,1,"2",1,1,0,0,1,0,0
"8586","18",5,"left","Blue",6,0,4,231,1,1,0,"1",1,1,1,0,1,0,0
"8591","18",5,"left","Blue",11,1,4,204,0,1,1,"2",1,1,0,0,1,0,0
"8592","18",5,"left","Blue",12,1,4,266,0,0,1,"2",1,1,0,1,1,0,0
"8595","18",5,"left","Blue",15,1,4,258,0,1,1,"2",1,1,0,0,1,0,0
"8597","18",5,"left","Blue",17,0,4,307,1,0,1,"1",1,1,1,1,0,0,0
"8599","18",5,"left","Blue",19,1,4,284,0,1,1,"2",1,1,0,0,1,0,0
"8600","18",5,"left","Blue",20,1,4,242,0,0,1,"2",1,1,0,1,1,0,0
"8601","18",5,"left","Red",1,1,4,218,0,1,1,"2",1,1,0,0,1,0,NA
"8602","18",5,"left","Red",2,1,4,228,0,1,1,"2",1,1,0,0,1,0,0
"8607","18",5,"left","Red",7,1,4,262,0,1,1,"2",1,1,0,0,1,0,0
"8610","18",5,"left","Red",10,1,4,217,0,0,1,"2",1,1,0,1,1,0,0
"8611","18",5,"left","Red",11,0,4,306,1,0,1,"1",1,1,1,1,0,0,0
"8616","18",5,"left","Red",16,1,4,279,0,0,1,"2",1,1,0,1,1,0,0
"8624","18",5,"left","Blue",4,1,4,300,0,1,1,"2",1,1,0,0,1,0,0
"8626","18",5,"left","Blue",6,1,4,238,0,1,1,"2",1,1,0,0,1,0,1
"8629","18",5,"left","Blue",9,1,4,233,0,0,1,"2",1,1,0,1,1,0,1
"8630","18",5,"left","Blue",10,1,4,219,0,0,1,"2",1,1,0,1,1,0,0
"8634","18",5,"left","Blue",14,0,4,233,1,0,1,"1",1,1,1,1,0,0,0
"8637","18",5,"left","Blue",17,1,4,263,0,1,1,"2",1,1,0,0,1,0,0
"8684","19",5,"left","Blue",4,0,4,327,1,1,0,"1",1,1,1,0,1,0,0
"8705","19",5,"left","Red",5,1,4,312,0,1,1,"2",1,1,0,0,1,0,0
"8709","19",5,"left","Red",9,0,4,428,1,0,1,"1",1,1,1,1,0,0,0
"8736","19",5,"left","Blue",16,0,4,206,1,0,1,"1",1,1,1,1,0,0,0
"8739","19",5,"left","Blue",19,0,4,208,1,1,0,"1",1,1,1,0,1,0,0
"8751","19",5,"left","Red",11,1,4,227,0,1,1,"2",1,1,0,0,1,0,0
"8753","19",5,"left","Red",13,1,4,271,0,0,1,"2",1,1,0,1,1,0,0
"8754","19",5,"left","Red",14,1,4,235,0,0,1,"2",1,1,0,1,1,0,0
"8755","19",5,"left","Red",15,1,4,222,0,1,1,"2",1,1,0,0,1,0,0
"8756","19",5,"left","Red",16,1,4,232,0,1,1,"2",1,1,0,0,1,0,0
"8758","19",5,"left","Red",18,0,4,298,1,0,1,"1",1,1,1,1,0,0,1
"8764","19",5,"left","Blue",4,1,4,198,0,1,1,"2",1,1,0,0,1,0,0
"8774","19",5,"left","Blue",14,0,4,235,1,1,0,"1",1,1,1,0,1,0,1
"8782","19",5,"left","Red",2,0,4,188,1,0,1,"1",1,1,1,1,0,0,0
"8784","19",5,"left","Red",4,1,4,326,0,0,1,"2",1,1,0,1,1,0,0
"8793","19",5,"left","Red",13,0,4,226,1,1,0,"1",1,1,1,0,1,0,1
"8797","19",5,"left","Red",17,1,4,237,0,1,1,"2",1,1,0,0,1,0,0
"8858","19",5,"left","Blue",18,1,4,250,0,1,1,"2",1,1,0,0,1,0,0
"8860","19",5,"left","Blue",20,0,4,216,1,0,1,"1",1,1,1,1,0,0,0
"8862","19",5,"left","Red",2,0,4,236,1,0,1,"1",1,1,1,1,0,0,0
"8864","19",5,"left","Red",4,1,4,229,0,1,1,"2",1,1,0,0,1,0,0
"8875","19",5,"left","Red",15,0,4,258,1,1,0,"1",1,1,1,0,1,0,0
"8897","19",6,"right","Blue",17,1,4,225,0,1,1,"2",1,1,0,0,1,0,0
"8912","19",6,"right","Red",12,1,4,231,0,0,1,"2",1,1,0,1,1,0,0
"8927","19",6,"right","Blue",7,0,4,271,1,1,0,"1",1,1,1,0,1,0,0
"8950","19",6,"right","Red",10,1,4,270,0,0,1,"2",1,1,0,1,1,0,0
"8958","19",6,"right","Red",18,0,4,221,1,0,1,"1",1,1,1,1,0,0,0
"8968","19",6,"right","Blue",8,0,4,222,1,0,1,"1",1,1,1,1,0,0,0
"8994","19",6,"right","Red",14,1,4,187,0,0,1,"2",1,1,0,1,1,0,0
"9002","19",6,"right","Blue",2,1,4,283,0,0,1,"2",1,1,0,1,1,0,1
"9009","19",6,"right","Blue",9,1,4,199,0,1,1,"2",1,1,0,0,1,0,0
"9017","19",6,"right","Blue",17,1,4,296,0,1,1,"2",1,1,0,0,1,0,0
"9020","19",6,"right","Blue",20,0,4,314,1,0,1,"1",1,1,1,1,0,0,0
"9023","19",6,"right","Red",3,0,4,234,1,0,1,"1",1,1,1,1,0,0,0
"9027","19",6,"right","Red",7,1,4,206,0,0,1,"2",1,1,0,1,1,0,0
"9030","19",6,"right","Red",10,1,4,199,0,1,1,"2",1,1,0,0,1,0,0
"9045","19",6,"right","Blue",5,0,4,221,1,1,0,"1",1,1,1,0,1,0,0
"9074","19",6,"right","Red",14,1,4,270,0,1,1,"2",1,1,0,0,1,0,0
"9075","19",6,"right","Red",15,1,4,223,0,0,1,"2",1,1,0,1,1,0,0
"9085","19",6,"right","Blue",5,0,4,286,1,0,1,"1",1,1,1,1,0,0,0
"9102","19",6,"right","Red",2,0,4,267,1,1,0,"1",1,1,1,0,1,0,0
"9114","19",6,"right","Red",14,0,4,289,1,0,1,"1",1,1,1,1,0,0,0
"9117","19",6,"right","Red",17,1,4,250,0,0,1,"2",1,1,0,1,1,0,0
"9122","20",6,"right","Red",2,1,4,234,0,0,1,"2",1,1,0,1,1,0,0
"9124","20",6,"right","Red",4,0,4,344,1,0,1,"1",1,1,1,1,0,0,0
"9126","20",6,"right","Red",6,0,4,184,1,1,0,"1",1,1,1,0,1,0,0
"9147","20",6,"right","Blue",7,0,4,328,1,0,1,"1",1,1,1,1,0,0,0
"9148","20",6,"right","Blue",8,1,4,284,0,1,1,"2",1,1,0,0,1,0,0
"9154","20",6,"right","Blue",14,0,4,373,1,1,0,"1",1,1,1,0,1,0,0
"9166","20",6,"right","Red",6,0,4,373,1,1,0,"1",1,1,1,0,1,0,0
"9173","20",6,"right","Red",13,0,4,297,1,0,1,"1",1,1,1,1,0,0,0
"9184","20",6,"right","Blue",4,0,4,231,1,0,1,"1",1,1,1,1,0,0,0
"9194","20",6,"right","Blue",14,0,4,296,1,1,0,"1",1,1,1,0,1,0,0
"9203","20",6,"right","Red",3,0,4,279,1,1,0,"1",1,1,1,0,1,0,0
"9215","20",6,"right","Red",15,0,4,268,1,0,1,"1",1,1,1,1,0,0,0
"9231","20",6,"right","Blue",11,0,4,356,1,0,1,"1",1,1,1,1,0,0,0
"9233","20",6,"right","Blue",13,0,4,270,1,1,0,"1",1,1,1,0,1,0,0
"9241","20",6,"right","Red",1,0,4,292,1,0,1,"1",1,1,1,1,0,0,NA
"9242","20",6,"right","Red",2,0,4,292,1,1,0,"1",1,1,1,0,1,0,0
"9261","20",6,"right","Blue",1,0,4,248,1,0,1,"1",1,1,1,1,0,0,NA
"9279","20",6,"right","Blue",19,0,4,290,1,1,0,"1",1,1,1,0,1,0,0
"9281","20",6,"right","Red",1,0,4,422,1,1,0,"1",1,1,1,0,1,0,NA
"9290","20",6,"right","Red",10,0,4,278,1,0,1,"1",1,1,1,1,0,0,0
"9309","20",6,"right","Blue",9,0,4,262,1,0,1,"1",1,1,1,1,0,0,0
"9321","20",6,"right","Red",1,0,4,290,1,1,0,"1",1,1,1,0,1,0,NA
"9336","20",6,"right","Red",16,0,4,202,1,0,1,"1",1,1,1,1,0,0,0
"9346","20",6,"right","Blue",6,0,4,384,1,1,0,"1",1,1,1,0,1,0,0
"9348","20",6,"right","Blue",8,1,4,244,0,0,1,"2",1,1,0,1,1,0,0
"9353","20",6,"right","Blue",13,0,4,241,1,0,1,"1",1,1,1,1,0,0,0
"9374","20",5,"left","Red",14,0,4,319,1,1,0,"1",1,1,1,0,1,0,0
"9375","20",5,"left","Red",15,0,4,210,1,0,1,"1",1,1,1,1,0,0,0
"9392","20",5,"left","Blue",12,0,4,328,1,1,0,"1",1,1,1,0,1,0,0
"9394","20",5,"left","Blue",14,0,4,302,1,0,1,"1",1,1,1,1,0,0,0
"9412","20",5,"left","Red",12,0,4,474,1,1,0,"1",1,1,1,0,1,0,1
"9416","20",5,"left","Red",16,0,4,250,1,0,1,"1",1,1,1,1,0,0,0
"9438","20",5,"left","Blue",18,0,4,226,1,0,1,"1",1,1,1,1,0,0,0
"9439","20",5,"left","Blue",19,0,4,332,1,1,0,"1",1,1,1,0,1,0,0
"9445","20",5,"left","Red",5,0,4,217,1,0,1,"1",1,1,1,1,0,0,0
"9449","20",5,"left","Red",9,0,4,408,1,1,0,"1",1,1,1,0,1,0,1
"9462","20",5,"left","Blue",2,0,4,191,1,0,1,"1",1,1,1,1,0,0,0
"9465","20",5,"left","Blue",5,0,4,295,1,1,0,"1",1,1,1,0,1,0,0
"9467","20",5,"left","Blue",7,1,4,234,0,0,1,"2",1,1,0,1,1,0,0
"9482","20",5,"left","Red",2,1,4,284,0,0,1,"2",1,1,0,1,1,0,0
"9488","20",5,"left","Red",8,0,4,339,1,1,0,"1",1,1,1,0,1,0,0
"9489","20",5,"left","Red",9,0,4,237,1,0,1,"1",1,1,1,1,0,0,0
"9504","20",5,"left","Blue",4,0,4,219,1,0,1,"1",1,1,1,1,0,0,0
"9511","20",5,"left","Blue",11,0,4,282,1,1,0,"1",1,1,1,0,1,0,0
"9521","20",5,"left","Red",1,0,4,260,1,0,1,"1",1,1,1,1,0,0,NA
"9523","20",5,"left","Red",3,0,4,462,1,1,0,"1",1,1,1,0,1,0,0
"9550","20",5,"left","Blue",10,1,4,247,0,0,1,"2",1,1,0,1,1,0,0
"9556","20",5,"left","Blue",16,0,4,409,1,1,0,"1",1,1,1,0,1,0,0
"9558","20",5,"left","Blue",18,0,4,300,1,0,1,"1",1,1,1,1,0,0,0
"9562","20",5,"left","Red",2,0,4,340,1,1,0,"1",1,1,1,0,1,0,0
"9579","20",5,"left","Red",19,0,4,485,1,0,1,"1",1,1,1,1,0,0,0
"9587","20",5,"left","Blue",7,0,4,274,1,1,0,"1",1,1,1,0,1,0,0
"9591","20",5,"left","Blue",11,0,4,317,1,0,1,"1",1,1,1,1,0,0,0
