"","idv","iv","dv","exp"
"1","1","typisch",499,"Estes_etal_2008"
"2","1","typisch",526,"Estes_etal_2008"
"3","1","typisch",575,"Estes_etal_2008"
"4","1","typisch",638,"Estes_etal_2008"
"6","1","typisch",685,"Estes_etal_2008"
"7","1","typisch",671,"Estes_etal_2008"
"8","1","typisch",607,"Estes_etal_2008"
"9","1","typisch",571,"Estes_etal_2008"
"10","1","typisch",732,"Estes_etal_2008"
"11","1","typisch",525,"Estes_etal_2008"
"12","1","typisch",707,"Estes_etal_2008"
"13","1","typisch",519,"Estes_etal_2008"
"14","1","typisch",730,"Estes_etal_2008"
"15","1","untypisch",672,"Estes_etal_2008"
"16","1","untypisch",462,"Estes_etal_2008"
"17","1","untypisch",411,"Estes_etal_2008"
"18","1","untypisch",591,"Estes_etal_2008"
"19","1","untypisch",804,"Estes_etal_2008"
"20","1","untypisch",936,"Estes_etal_2008"
"21","1","untypisch",646,"Estes_etal_2008"
"22","1","untypisch",526,"Estes_etal_2008"
"23","1","untypisch",745,"Estes_etal_2008"
"24","1","untypisch",464,"Estes_etal_2008"
"25","1","untypisch",665,"Estes_etal_2008"
"26","1","untypisch",441,"Estes_etal_2008"
"27","1","untypisch",496,"Estes_etal_2008"
"28","1","untypisch",462,"Estes_etal_2008"
"29","1","untypisch",397,"Estes_etal_2008"
"30","1","untypisch",574,"Estes_etal_2008"
"31","1","untypisch",488,"Estes_etal_2008"
"32","1","untypisch",566,"Estes_etal_2008"
"33","1","untypisch",690,"Estes_etal_2008"
"34","1","untypisch",575,"Estes_etal_2008"
"35","1","untypisch",603,"Estes_etal_2008"
"36","1","untypisch",400,"Estes_etal_2008"
"38","1","untypisch",650,"Estes_etal_2008"
"39","1","untypisch",520,"Estes_etal_2008"
"41","1","untypisch",520,"Estes_etal_2008"
"42","1","untypisch",912,"Estes_etal_2008"
"43","1","untypisch",492,"Estes_etal_2008"
"44","1","untypisch",489,"Estes_etal_2008"
"45","1","typisch",659,"Estes_etal_2008"
"46","1","typisch",594,"Estes_etal_2008"
"47","1","typisch",400,"Estes_etal_2008"
"48","1","typisch",469,"Estes_etal_2008"
"49","1","typisch",409,"Estes_etal_2008"
"50","1","typisch",703,"Estes_etal_2008"
"51","1","typisch",473,"Estes_etal_2008"
"52","1","typisch",563,"Estes_etal_2008"
"53","1","typisch",513,"Estes_etal_2008"
"54","1","typisch",586,"Estes_etal_2008"
"55","1","typisch",429,"Estes_etal_2008"
"56","1","typisch",769,"Estes_etal_2008"
"57","1","typisch",428,"Estes_etal_2008"
"58","1","typisch",735,"Estes_etal_2008"
"59","1","typisch",649,"Estes_etal_2008"
"60","1","typisch",467,"Estes_etal_2008"
"61","2","typisch",449,"Estes_etal_2008"
"62","2","typisch",651,"Estes_etal_2008"
"63","2","typisch",696,"Estes_etal_2008"
"64","2","typisch",469,"Estes_etal_2008"
"65","2","typisch",818,"Estes_etal_2008"
"66","2","typisch",619,"Estes_etal_2008"
"67","2","typisch",531,"Estes_etal_2008"
"68","2","typisch",516,"Estes_etal_2008"
"69","2","typisch",650,"Estes_etal_2008"
"70","2","typisch",447,"Estes_etal_2008"
"71","2","typisch",567,"Estes_etal_2008"
"72","2","typisch",487,"Estes_etal_2008"
"73","2","typisch",686,"Estes_etal_2008"
"74","2","typisch",594,"Estes_etal_2008"
"75","2","untypisch",386,"Estes_etal_2008"
"76","2","untypisch",471,"Estes_etal_2008"
"77","2","untypisch",500,"Estes_etal_2008"
"78","2","untypisch",433,"Estes_etal_2008"
"79","2","untypisch",595,"Estes_etal_2008"
"80","2","untypisch",471,"Estes_etal_2008"
"81","2","untypisch",639,"Estes_etal_2008"
"82","2","untypisch",425,"Estes_etal_2008"
"83","2","untypisch",471,"Estes_etal_2008"
"84","2","untypisch",483,"Estes_etal_2008"
"85","2","untypisch",479,"Estes_etal_2008"
"86","2","untypisch",621,"Estes_etal_2008"
"87","2","untypisch",563,"Estes_etal_2008"
"88","2","untypisch",422,"Estes_etal_2008"
"89","2","untypisch",453,"Estes_etal_2008"
"90","2","untypisch",448,"Estes_etal_2008"
"91","2","untypisch",523,"Estes_etal_2008"
"92","2","untypisch",421,"Estes_etal_2008"
"93","2","untypisch",534,"Estes_etal_2008"
"94","2","untypisch",466,"Estes_etal_2008"
"95","2","untypisch",571,"Estes_etal_2008"
"96","2","untypisch",649,"Estes_etal_2008"
"97","2","untypisch",561,"Estes_etal_2008"
"98","2","untypisch",601,"Estes_etal_2008"
"99","2","untypisch",562,"Estes_etal_2008"
"101","2","untypisch",639,"Estes_etal_2008"
"102","2","untypisch",585,"Estes_etal_2008"
"103","2","untypisch",496,"Estes_etal_2008"
"104","2","untypisch",520,"Estes_etal_2008"
"105","2","typisch",532,"Estes_etal_2008"
"106","2","typisch",561,"Estes_etal_2008"
"107","2","typisch",405,"Estes_etal_2008"
"108","2","typisch",479,"Estes_etal_2008"
"109","2","typisch",434,"Estes_etal_2008"
"110","2","typisch",542,"Estes_etal_2008"
"111","2","typisch",636,"Estes_etal_2008"
"112","2","typisch",954,"Estes_etal_2008"
"113","2","typisch",437,"Estes_etal_2008"
"114","2","typisch",943,"Estes_etal_2008"
"115","2","typisch",400,"Estes_etal_2008"
"116","2","typisch",449,"Estes_etal_2008"
"117","2","typisch",518,"Estes_etal_2008"
"118","2","typisch",420,"Estes_etal_2008"
"119","2","typisch",505,"Estes_etal_2008"
"120","2","typisch",607,"Estes_etal_2008"
"121","3","typisch",407,"Estes_etal_2008"
"122","3","typisch",446,"Estes_etal_2008"
"123","3","typisch",513,"Estes_etal_2008"
"124","3","typisch",291,"Estes_etal_2008"
"125","3","typisch",450,"Estes_etal_2008"
"126","3","typisch",390,"Estes_etal_2008"
"127","3","typisch",442,"Estes_etal_2008"
"128","3","typisch",405,"Estes_etal_2008"
"129","3","typisch",468,"Estes_etal_2008"
"130","3","typisch",435,"Estes_etal_2008"
"131","3","typisch",383,"Estes_etal_2008"
"132","3","typisch",367,"Estes_etal_2008"
"133","3","typisch",469,"Estes_etal_2008"
"134","3","typisch",364,"Estes_etal_2008"
"135","3","untypisch",478,"Estes_etal_2008"
"136","3","untypisch",470,"Estes_etal_2008"
"137","3","untypisch",456,"Estes_etal_2008"
"138","3","untypisch",480,"Estes_etal_2008"
"139","3","untypisch",423,"Estes_etal_2008"
"140","3","untypisch",448,"Estes_etal_2008"
"141","3","untypisch",487,"Estes_etal_2008"
"142","3","untypisch",413,"Estes_etal_2008"
"143","3","untypisch",344,"Estes_etal_2008"
"144","3","untypisch",556,"Estes_etal_2008"
"145","3","untypisch",389,"Estes_etal_2008"
"146","3","untypisch",341,"Estes_etal_2008"
"147","3","untypisch",375,"Estes_etal_2008"
"148","3","untypisch",418,"Estes_etal_2008"
"149","3","untypisch",414,"Estes_etal_2008"
"150","3","untypisch",476,"Estes_etal_2008"
"151","3","untypisch",493,"Estes_etal_2008"
"152","3","untypisch",380,"Estes_etal_2008"
"153","3","untypisch",473,"Estes_etal_2008"
"154","3","untypisch",342,"Estes_etal_2008"
"155","3","untypisch",363,"Estes_etal_2008"
"156","3","untypisch",465,"Estes_etal_2008"
"157","3","untypisch",382,"Estes_etal_2008"
"158","3","untypisch",393,"Estes_etal_2008"
"159","3","untypisch",518,"Estes_etal_2008"
"160","3","untypisch",553,"Estes_etal_2008"
"161","3","untypisch",558,"Estes_etal_2008"
"162","3","untypisch",481,"Estes_etal_2008"
"163","3","untypisch",391,"Estes_etal_2008"
"164","3","untypisch",471,"Estes_etal_2008"
"165","3","typisch",413,"Estes_etal_2008"
"166","3","typisch",392,"Estes_etal_2008"
"167","3","typisch",380,"Estes_etal_2008"
"168","3","typisch",378,"Estes_etal_2008"
"169","3","typisch",453,"Estes_etal_2008"
"170","3","typisch",462,"Estes_etal_2008"
"171","3","typisch",406,"Estes_etal_2008"
"172","3","typisch",456,"Estes_etal_2008"
"173","3","typisch",390,"Estes_etal_2008"
"174","3","typisch",383,"Estes_etal_2008"
"175","3","typisch",499,"Estes_etal_2008"
"176","3","typisch",528,"Estes_etal_2008"
"177","3","typisch",409,"Estes_etal_2008"
"178","3","typisch",446,"Estes_etal_2008"
"179","3","typisch",426,"Estes_etal_2008"
"180","3","typisch",456,"Estes_etal_2008"
"181","4","typisch",373,"Estes_etal_2008"
"182","4","typisch",634,"Estes_etal_2008"
"183","4","typisch",449,"Estes_etal_2008"
"184","4","typisch",691,"Estes_etal_2008"
"185","4","typisch",408,"Estes_etal_2008"
"186","4","typisch",458,"Estes_etal_2008"
"187","4","typisch",635,"Estes_etal_2008"
"188","4","typisch",650,"Estes_etal_2008"
"189","4","typisch",518,"Estes_etal_2008"
"190","4","typisch",438,"Estes_etal_2008"
"191","4","typisch",472,"Estes_etal_2008"
"192","4","typisch",559,"Estes_etal_2008"
"193","4","typisch",462,"Estes_etal_2008"
"194","4","typisch",521,"Estes_etal_2008"
"195","4","untypisch",400,"Estes_etal_2008"
"196","4","untypisch",573,"Estes_etal_2008"
"197","4","untypisch",523,"Estes_etal_2008"
"198","4","untypisch",541,"Estes_etal_2008"
"199","4","untypisch",448,"Estes_etal_2008"
"200","4","untypisch",651,"Estes_etal_2008"
"201","4","untypisch",503,"Estes_etal_2008"
"202","4","untypisch",607,"Estes_etal_2008"
"203","4","untypisch",546,"Estes_etal_2008"
"204","4","untypisch",867,"Estes_etal_2008"
"205","4","untypisch",574,"Estes_etal_2008"
"206","4","untypisch",524,"Estes_etal_2008"
"207","4","untypisch",574,"Estes_etal_2008"
"208","4","untypisch",521,"Estes_etal_2008"
"209","4","untypisch",577,"Estes_etal_2008"
"210","4","untypisch",515,"Estes_etal_2008"
"211","4","untypisch",627,"Estes_etal_2008"
"212","4","untypisch",816,"Estes_etal_2008"
"213","4","untypisch",551,"Estes_etal_2008"
"214","4","untypisch",589,"Estes_etal_2008"
"215","4","untypisch",517,"Estes_etal_2008"
"216","4","untypisch",547,"Estes_etal_2008"
"217","4","untypisch",716,"Estes_etal_2008"
"218","4","untypisch",455,"Estes_etal_2008"
"219","4","untypisch",665,"Estes_etal_2008"
"220","4","untypisch",589,"Estes_etal_2008"
"221","4","untypisch",599,"Estes_etal_2008"
"222","4","untypisch",584,"Estes_etal_2008"
"223","4","untypisch",478,"Estes_etal_2008"
"224","4","untypisch",610,"Estes_etal_2008"
"225","4","typisch",482,"Estes_etal_2008"
"226","4","typisch",464,"Estes_etal_2008"
"227","4","typisch",628,"Estes_etal_2008"
"228","4","typisch",509,"Estes_etal_2008"
"229","4","typisch",550,"Estes_etal_2008"
"230","4","typisch",577,"Estes_etal_2008"
"231","4","typisch",393,"Estes_etal_2008"
"232","4","typisch",420,"Estes_etal_2008"
"233","4","typisch",441,"Estes_etal_2008"
"234","4","typisch",342,"Estes_etal_2008"
"235","4","typisch",482,"Estes_etal_2008"
"236","4","typisch",449,"Estes_etal_2008"
"237","4","typisch",491,"Estes_etal_2008"
"238","4","typisch",568,"Estes_etal_2008"
"239","4","typisch",588,"Estes_etal_2008"
"240","4","typisch",454,"Estes_etal_2008"
"241","5","typisch",491,"Estes_etal_2008"
"242","5","typisch",581,"Estes_etal_2008"
"243","5","typisch",496,"Estes_etal_2008"
"244","5","typisch",566,"Estes_etal_2008"
"245","5","typisch",527,"Estes_etal_2008"
"246","5","typisch",475,"Estes_etal_2008"
"247","5","typisch",545,"Estes_etal_2008"
"248","5","typisch",594,"Estes_etal_2008"
"249","5","typisch",538,"Estes_etal_2008"
"250","5","typisch",623,"Estes_etal_2008"
"251","5","typisch",701,"Estes_etal_2008"
"252","5","typisch",572,"Estes_etal_2008"
"253","5","typisch",504,"Estes_etal_2008"
"254","5","typisch",551,"Estes_etal_2008"
"255","5","untypisch",606,"Estes_etal_2008"
"256","5","untypisch",379,"Estes_etal_2008"
"257","5","untypisch",500,"Estes_etal_2008"
"258","5","untypisch",481,"Estes_etal_2008"
"259","5","untypisch",579,"Estes_etal_2008"
"260","5","untypisch",494,"Estes_etal_2008"
"261","5","untypisch",349,"Estes_etal_2008"
"262","5","untypisch",476,"Estes_etal_2008"
"263","5","untypisch",538,"Estes_etal_2008"
"264","5","untypisch",486,"Estes_etal_2008"
"265","5","untypisch",646,"Estes_etal_2008"
"266","5","untypisch",509,"Estes_etal_2008"
"267","5","untypisch",551,"Estes_etal_2008"
"268","5","untypisch",512,"Estes_etal_2008"
"269","5","untypisch",471,"Estes_etal_2008"
"270","5","untypisch",480,"Estes_etal_2008"
"271","5","untypisch",583,"Estes_etal_2008"
"272","5","untypisch",630,"Estes_etal_2008"
"273","5","untypisch",496,"Estes_etal_2008"
"274","5","untypisch",456,"Estes_etal_2008"
"275","5","untypisch",501,"Estes_etal_2008"
"276","5","untypisch",525,"Estes_etal_2008"
"277","5","untypisch",498,"Estes_etal_2008"
"278","5","untypisch",542,"Estes_etal_2008"
"279","5","untypisch",635,"Estes_etal_2008"
"280","5","untypisch",511,"Estes_etal_2008"
"281","5","untypisch",656,"Estes_etal_2008"
"282","5","untypisch",573,"Estes_etal_2008"
"283","5","untypisch",510,"Estes_etal_2008"
"284","5","untypisch",424,"Estes_etal_2008"
"285","5","typisch",787,"Estes_etal_2008"
"286","5","typisch",422,"Estes_etal_2008"
"287","5","typisch",463,"Estes_etal_2008"
"288","5","typisch",575,"Estes_etal_2008"
"289","5","typisch",474,"Estes_etal_2008"
"290","5","typisch",403,"Estes_etal_2008"
"291","5","typisch",464,"Estes_etal_2008"
"292","5","typisch",606,"Estes_etal_2008"
"293","5","typisch",402,"Estes_etal_2008"
"294","5","typisch",370,"Estes_etal_2008"
"295","5","typisch",601,"Estes_etal_2008"
"296","5","typisch",562,"Estes_etal_2008"
"297","5","typisch",487,"Estes_etal_2008"
"298","5","typisch",473,"Estes_etal_2008"
"299","5","typisch",530,"Estes_etal_2008"
"300","5","typisch",490,"Estes_etal_2008"
"301","6","typisch",383,"Estes_etal_2008"
"302","6","typisch",423,"Estes_etal_2008"
"303","6","typisch",338,"Estes_etal_2008"
"304","6","typisch",420,"Estes_etal_2008"
"305","6","typisch",429,"Estes_etal_2008"
"306","6","typisch",431,"Estes_etal_2008"
"307","6","typisch",386,"Estes_etal_2008"
"308","6","typisch",297,"Estes_etal_2008"
"309","6","typisch",421,"Estes_etal_2008"
"310","6","typisch",499,"Estes_etal_2008"
"311","6","typisch",404,"Estes_etal_2008"
"312","6","typisch",318,"Estes_etal_2008"
"313","6","typisch",559,"Estes_etal_2008"
"314","6","typisch",392,"Estes_etal_2008"
"315","6","untypisch",379,"Estes_etal_2008"
"316","6","untypisch",479,"Estes_etal_2008"
"317","6","untypisch",429,"Estes_etal_2008"
"318","6","untypisch",343,"Estes_etal_2008"
"319","6","untypisch",581,"Estes_etal_2008"
"320","6","untypisch",319,"Estes_etal_2008"
"321","6","untypisch",393,"Estes_etal_2008"
"322","6","untypisch",411,"Estes_etal_2008"
"323","6","untypisch",423,"Estes_etal_2008"
"324","6","untypisch",342,"Estes_etal_2008"
"325","6","untypisch",421,"Estes_etal_2008"
"326","6","untypisch",396,"Estes_etal_2008"
"327","6","untypisch",440,"Estes_etal_2008"
"328","6","untypisch",381,"Estes_etal_2008"
"329","6","untypisch",335,"Estes_etal_2008"
"330","6","untypisch",369,"Estes_etal_2008"
"331","6","untypisch",437,"Estes_etal_2008"
"332","6","untypisch",352,"Estes_etal_2008"
"333","6","untypisch",493,"Estes_etal_2008"
"334","6","untypisch",369,"Estes_etal_2008"
"335","6","untypisch",341,"Estes_etal_2008"
"336","6","untypisch",368,"Estes_etal_2008"
"337","6","untypisch",430,"Estes_etal_2008"
"338","6","untypisch",364,"Estes_etal_2008"
"339","6","untypisch",472,"Estes_etal_2008"
"340","6","untypisch",413,"Estes_etal_2008"
"341","6","untypisch",446,"Estes_etal_2008"
"342","6","untypisch",341,"Estes_etal_2008"
"343","6","untypisch",403,"Estes_etal_2008"
"344","6","untypisch",435,"Estes_etal_2008"
"345","6","typisch",288,"Estes_etal_2008"
"346","6","typisch",366,"Estes_etal_2008"
"347","6","typisch",363,"Estes_etal_2008"
"348","6","typisch",399,"Estes_etal_2008"
"349","6","typisch",372,"Estes_etal_2008"
"350","6","typisch",347,"Estes_etal_2008"
"351","6","typisch",349,"Estes_etal_2008"
"352","6","typisch",369,"Estes_etal_2008"
"353","6","typisch",282,"Estes_etal_2008"
"354","6","typisch",356,"Estes_etal_2008"
"355","6","typisch",489,"Estes_etal_2008"
"356","6","typisch",379,"Estes_etal_2008"
"357","6","typisch",369,"Estes_etal_2008"
"358","6","typisch",330,"Estes_etal_2008"
"359","6","typisch",360,"Estes_etal_2008"
"360","6","typisch",352,"Estes_etal_2008"
"361","7","typisch",710,"Estes_etal_2008"
"362","7","typisch",454,"Estes_etal_2008"
"363","7","typisch",508,"Estes_etal_2008"
"364","7","typisch",427,"Estes_etal_2008"
"365","7","typisch",540,"Estes_etal_2008"
"366","7","typisch",496,"Estes_etal_2008"
"367","7","typisch",417,"Estes_etal_2008"
"368","7","typisch",783,"Estes_etal_2008"
"369","7","typisch",364,"Estes_etal_2008"
"370","7","typisch",565,"Estes_etal_2008"
"371","7","typisch",444,"Estes_etal_2008"
"372","7","typisch",597,"Estes_etal_2008"
"373","7","typisch",454,"Estes_etal_2008"
"374","7","typisch",457,"Estes_etal_2008"
"375","7","untypisch",366,"Estes_etal_2008"
"376","7","untypisch",386,"Estes_etal_2008"
"377","7","untypisch",625,"Estes_etal_2008"
"378","7","untypisch",539,"Estes_etal_2008"
"379","7","untypisch",779,"Estes_etal_2008"
"380","7","untypisch",688,"Estes_etal_2008"
"381","7","untypisch",615,"Estes_etal_2008"
"382","7","untypisch",427,"Estes_etal_2008"
"383","7","untypisch",539,"Estes_etal_2008"
"384","7","untypisch",444,"Estes_etal_2008"
"385","7","untypisch",677,"Estes_etal_2008"
"386","7","untypisch",411,"Estes_etal_2008"
"387","7","untypisch",560,"Estes_etal_2008"
"388","7","untypisch",526,"Estes_etal_2008"
"389","7","untypisch",444,"Estes_etal_2008"
"390","7","untypisch",481,"Estes_etal_2008"
"391","7","untypisch",652,"Estes_etal_2008"
"392","7","untypisch",577,"Estes_etal_2008"
"393","7","untypisch",352,"Estes_etal_2008"
"394","7","untypisch",487,"Estes_etal_2008"
"395","7","untypisch",572,"Estes_etal_2008"
"396","7","untypisch",388,"Estes_etal_2008"
"397","7","untypisch",561,"Estes_etal_2008"
"398","7","untypisch",515,"Estes_etal_2008"
"399","7","untypisch",733,"Estes_etal_2008"
"400","7","untypisch",510,"Estes_etal_2008"
"401","7","untypisch",478,"Estes_etal_2008"
"402","7","untypisch",605,"Estes_etal_2008"
"403","7","untypisch",526,"Estes_etal_2008"
"404","7","untypisch",460,"Estes_etal_2008"
"405","7","typisch",468,"Estes_etal_2008"
"406","7","typisch",490,"Estes_etal_2008"
"407","7","typisch",380,"Estes_etal_2008"
"408","7","typisch",634,"Estes_etal_2008"
"409","7","typisch",716,"Estes_etal_2008"
"410","7","typisch",718,"Estes_etal_2008"
"411","7","typisch",529,"Estes_etal_2008"
"412","7","typisch",537,"Estes_etal_2008"
"413","7","typisch",522,"Estes_etal_2008"
"414","7","typisch",922,"Estes_etal_2008"
"415","7","typisch",507,"Estes_etal_2008"
"416","7","typisch",356,"Estes_etal_2008"
"417","7","typisch",421,"Estes_etal_2008"
"418","7","typisch",612,"Estes_etal_2008"
"419","7","typisch",506,"Estes_etal_2008"
"420","7","typisch",512,"Estes_etal_2008"
"421","8","typisch",403,"Estes_etal_2008"
"422","8","typisch",358,"Estes_etal_2008"
"423","8","typisch",298,"Estes_etal_2008"
"424","8","typisch",338,"Estes_etal_2008"
"425","8","typisch",386,"Estes_etal_2008"
"426","8","typisch",374,"Estes_etal_2008"
"427","8","typisch",448,"Estes_etal_2008"
"428","8","typisch",489,"Estes_etal_2008"
"429","8","typisch",460,"Estes_etal_2008"
"430","8","typisch",389,"Estes_etal_2008"
"431","8","typisch",475,"Estes_etal_2008"
"432","8","typisch",438,"Estes_etal_2008"
"433","8","typisch",549,"Estes_etal_2008"
"434","8","typisch",503,"Estes_etal_2008"
"435","8","untypisch",558,"Estes_etal_2008"
"436","8","untypisch",329,"Estes_etal_2008"
"437","8","untypisch",497,"Estes_etal_2008"
"438","8","untypisch",471,"Estes_etal_2008"
"439","8","untypisch",507,"Estes_etal_2008"
"440","8","untypisch",451,"Estes_etal_2008"
"441","8","untypisch",322,"Estes_etal_2008"
"442","8","untypisch",326,"Estes_etal_2008"
"443","8","untypisch",465,"Estes_etal_2008"
"444","8","untypisch",397,"Estes_etal_2008"
"445","8","untypisch",427,"Estes_etal_2008"
"446","8","untypisch",443,"Estes_etal_2008"
"447","8","untypisch",383,"Estes_etal_2008"
"448","8","untypisch",458,"Estes_etal_2008"
"449","8","untypisch",397,"Estes_etal_2008"
"450","8","untypisch",330,"Estes_etal_2008"
"451","8","untypisch",482,"Estes_etal_2008"
"452","8","untypisch",400,"Estes_etal_2008"
"453","8","untypisch",426,"Estes_etal_2008"
"454","8","untypisch",456,"Estes_etal_2008"
"455","8","untypisch",478,"Estes_etal_2008"
"456","8","untypisch",444,"Estes_etal_2008"
"457","8","untypisch",555,"Estes_etal_2008"
"458","8","untypisch",517,"Estes_etal_2008"
"459","8","untypisch",448,"Estes_etal_2008"
"460","8","untypisch",461,"Estes_etal_2008"
"461","8","untypisch",444,"Estes_etal_2008"
"462","8","untypisch",479,"Estes_etal_2008"
"463","8","untypisch",445,"Estes_etal_2008"
"464","8","untypisch",470,"Estes_etal_2008"
"465","8","typisch",351,"Estes_etal_2008"
"466","8","typisch",402,"Estes_etal_2008"
"467","8","typisch",432,"Estes_etal_2008"
"468","8","typisch",426,"Estes_etal_2008"
"469","8","typisch",386,"Estes_etal_2008"
"470","8","typisch",453,"Estes_etal_2008"
"471","8","typisch",370,"Estes_etal_2008"
"472","8","typisch",449,"Estes_etal_2008"
"473","8","typisch",350,"Estes_etal_2008"
"474","8","typisch",409,"Estes_etal_2008"
"475","8","typisch",459,"Estes_etal_2008"
"476","8","typisch",395,"Estes_etal_2008"
"477","8","typisch",419,"Estes_etal_2008"
"478","8","typisch",378,"Estes_etal_2008"
"479","8","typisch",502,"Estes_etal_2008"
"480","8","typisch",442,"Estes_etal_2008"
"481","9","typisch",492,"Estes_etal_2008"
"482","9","typisch",530,"Estes_etal_2008"
"483","9","typisch",815,"Estes_etal_2008"
"484","9","typisch",569,"Estes_etal_2008"
"485","9","typisch",787,"Estes_etal_2008"
"486","9","typisch",488,"Estes_etal_2008"
"487","9","typisch",705,"Estes_etal_2008"
"488","9","typisch",589,"Estes_etal_2008"
"489","9","typisch",479,"Estes_etal_2008"
"490","9","typisch",388,"Estes_etal_2008"
"491","9","typisch",604,"Estes_etal_2008"
"492","9","typisch",414,"Estes_etal_2008"
"493","9","typisch",459,"Estes_etal_2008"
"494","9","typisch",749,"Estes_etal_2008"
"495","9","untypisch",507,"Estes_etal_2008"
"496","9","untypisch",518,"Estes_etal_2008"
"497","9","untypisch",498,"Estes_etal_2008"
"498","9","untypisch",606,"Estes_etal_2008"
"499","9","untypisch",706,"Estes_etal_2008"
"500","9","untypisch",786,"Estes_etal_2008"
"501","9","untypisch",458,"Estes_etal_2008"
"502","9","untypisch",416,"Estes_etal_2008"
"503","9","untypisch",670,"Estes_etal_2008"
"504","9","untypisch",517,"Estes_etal_2008"
"505","9","untypisch",689,"Estes_etal_2008"
"506","9","untypisch",502,"Estes_etal_2008"
"507","9","untypisch",533,"Estes_etal_2008"
"508","9","untypisch",648,"Estes_etal_2008"
"509","9","untypisch",412,"Estes_etal_2008"
"510","9","untypisch",614,"Estes_etal_2008"
"511","9","untypisch",493,"Estes_etal_2008"
"512","9","untypisch",466,"Estes_etal_2008"
"513","9","untypisch",663,"Estes_etal_2008"
"514","9","untypisch",741,"Estes_etal_2008"
"515","9","untypisch",628,"Estes_etal_2008"
"516","9","untypisch",701,"Estes_etal_2008"
"517","9","untypisch",613,"Estes_etal_2008"
"518","9","untypisch",564,"Estes_etal_2008"
"519","9","untypisch",597,"Estes_etal_2008"
"520","9","untypisch",512,"Estes_etal_2008"
"521","9","untypisch",918,"Estes_etal_2008"
"522","9","untypisch",758,"Estes_etal_2008"
"523","9","untypisch",650,"Estes_etal_2008"
"524","9","untypisch",544,"Estes_etal_2008"
"525","9","typisch",541,"Estes_etal_2008"
"526","9","typisch",476,"Estes_etal_2008"
"527","9","typisch",645,"Estes_etal_2008"
"528","9","typisch",450,"Estes_etal_2008"
"529","9","typisch",643,"Estes_etal_2008"
"530","9","typisch",625,"Estes_etal_2008"
"531","9","typisch",682,"Estes_etal_2008"
"532","9","typisch",736,"Estes_etal_2008"
"533","9","typisch",611,"Estes_etal_2008"
"534","9","typisch",531,"Estes_etal_2008"
"535","9","typisch",641,"Estes_etal_2008"
"536","9","typisch",671,"Estes_etal_2008"
"537","9","typisch",544,"Estes_etal_2008"
"538","9","typisch",527,"Estes_etal_2008"
"539","9","typisch",415,"Estes_etal_2008"
"540","9","typisch",505,"Estes_etal_2008"
"541","10","typisch",489,"Estes_etal_2008"
"542","10","typisch",426,"Estes_etal_2008"
"543","10","typisch",459,"Estes_etal_2008"
"544","10","typisch",354,"Estes_etal_2008"
"545","10","typisch",674,"Estes_etal_2008"
"546","10","typisch",481,"Estes_etal_2008"
"547","10","typisch",489,"Estes_etal_2008"
"548","10","typisch",367,"Estes_etal_2008"
"549","10","typisch",264,"Estes_etal_2008"
"550","10","typisch",389,"Estes_etal_2008"
"551","10","typisch",376,"Estes_etal_2008"
"552","10","typisch",427,"Estes_etal_2008"
"553","10","typisch",479,"Estes_etal_2008"
"554","10","typisch",342,"Estes_etal_2008"
"555","10","untypisch",319,"Estes_etal_2008"
"556","10","untypisch",372,"Estes_etal_2008"
"557","10","untypisch",322,"Estes_etal_2008"
"558","10","untypisch",347,"Estes_etal_2008"
"559","10","untypisch",536,"Estes_etal_2008"
"560","10","untypisch",326,"Estes_etal_2008"
"561","10","untypisch",432,"Estes_etal_2008"
"562","10","untypisch",331,"Estes_etal_2008"
"563","10","untypisch",466,"Estes_etal_2008"
"564","10","untypisch",403,"Estes_etal_2008"
"565","10","untypisch",394,"Estes_etal_2008"
"566","10","untypisch",361,"Estes_etal_2008"
"567","10","untypisch",369,"Estes_etal_2008"
"568","10","untypisch",387,"Estes_etal_2008"
"569","10","untypisch",344,"Estes_etal_2008"
"570","10","untypisch",283,"Estes_etal_2008"
"571","10","untypisch",391,"Estes_etal_2008"
"572","10","untypisch",347,"Estes_etal_2008"
"573","10","untypisch",339,"Estes_etal_2008"
"574","10","untypisch",542,"Estes_etal_2008"
"575","10","untypisch",385,"Estes_etal_2008"
"576","10","untypisch",365,"Estes_etal_2008"
"577","10","untypisch",375,"Estes_etal_2008"
"578","10","untypisch",427,"Estes_etal_2008"
"579","10","untypisch",543,"Estes_etal_2008"
"580","10","untypisch",409,"Estes_etal_2008"
"581","10","untypisch",377,"Estes_etal_2008"
"582","10","untypisch",416,"Estes_etal_2008"
"583","10","untypisch",410,"Estes_etal_2008"
"584","10","untypisch",485,"Estes_etal_2008"
"585","10","typisch",424,"Estes_etal_2008"
"586","10","typisch",372,"Estes_etal_2008"
"587","10","typisch",481,"Estes_etal_2008"
"588","10","typisch",385,"Estes_etal_2008"
"589","10","typisch",363,"Estes_etal_2008"
"590","10","typisch",505,"Estes_etal_2008"
"591","10","typisch",349,"Estes_etal_2008"
"592","10","typisch",371,"Estes_etal_2008"
"593","10","typisch",373,"Estes_etal_2008"
"594","10","typisch",397,"Estes_etal_2008"
"595","10","typisch",349,"Estes_etal_2008"
"596","10","typisch",313,"Estes_etal_2008"
"597","10","typisch",351,"Estes_etal_2008"
"598","10","typisch",367,"Estes_etal_2008"
"599","10","typisch",391,"Estes_etal_2008"
"600","10","typisch",492,"Estes_etal_2008"
"601","11","typisch",405,"Estes_etal_2008"
"602","11","typisch",391,"Estes_etal_2008"
"603","11","typisch",394,"Estes_etal_2008"
"604","11","typisch",506,"Estes_etal_2008"
"605","11","typisch",402,"Estes_etal_2008"
"606","11","typisch",490,"Estes_etal_2008"
"607","11","typisch",324,"Estes_etal_2008"
"608","11","typisch",319,"Estes_etal_2008"
"609","11","typisch",444,"Estes_etal_2008"
"610","11","typisch",460,"Estes_etal_2008"
"611","11","typisch",500,"Estes_etal_2008"
"612","11","typisch",366,"Estes_etal_2008"
"613","11","typisch",479,"Estes_etal_2008"
"614","11","typisch",422,"Estes_etal_2008"
"615","11","untypisch",312,"Estes_etal_2008"
"616","11","untypisch",436,"Estes_etal_2008"
"617","11","untypisch",546,"Estes_etal_2008"
"618","11","untypisch",423,"Estes_etal_2008"
"619","11","untypisch",424,"Estes_etal_2008"
"620","11","untypisch",424,"Estes_etal_2008"
"621","11","untypisch",432,"Estes_etal_2008"
"622","11","untypisch",379,"Estes_etal_2008"
"623","11","untypisch",398,"Estes_etal_2008"
"624","11","untypisch",476,"Estes_etal_2008"
"625","11","untypisch",355,"Estes_etal_2008"
"626","11","untypisch",480,"Estes_etal_2008"
"627","11","untypisch",461,"Estes_etal_2008"
"628","11","untypisch",497,"Estes_etal_2008"
"629","11","untypisch",345,"Estes_etal_2008"
"630","11","untypisch",442,"Estes_etal_2008"
"631","11","untypisch",527,"Estes_etal_2008"
"632","11","untypisch",638,"Estes_etal_2008"
"633","11","untypisch",361,"Estes_etal_2008"
"634","11","untypisch",411,"Estes_etal_2008"
"635","11","untypisch",531,"Estes_etal_2008"
"636","11","untypisch",547,"Estes_etal_2008"
"637","11","untypisch",441,"Estes_etal_2008"
"638","11","untypisch",557,"Estes_etal_2008"
"639","11","untypisch",426,"Estes_etal_2008"
"640","11","untypisch",410,"Estes_etal_2008"
"641","11","untypisch",566,"Estes_etal_2008"
"642","11","untypisch",356,"Estes_etal_2008"
"643","11","untypisch",463,"Estes_etal_2008"
"644","11","untypisch",523,"Estes_etal_2008"
"645","11","typisch",466,"Estes_etal_2008"
"646","11","typisch",380,"Estes_etal_2008"
"647","11","typisch",351,"Estes_etal_2008"
"648","11","typisch",391,"Estes_etal_2008"
"649","11","typisch",463,"Estes_etal_2008"
"650","11","typisch",435,"Estes_etal_2008"
"651","11","typisch",470,"Estes_etal_2008"
"652","11","typisch",483,"Estes_etal_2008"
"653","11","typisch",365,"Estes_etal_2008"
"654","11","typisch",349,"Estes_etal_2008"
"655","11","typisch",372,"Estes_etal_2008"
"656","11","typisch",429,"Estes_etal_2008"
"657","11","typisch",437,"Estes_etal_2008"
"658","11","typisch",365,"Estes_etal_2008"
"659","11","typisch",305,"Estes_etal_2008"
"660","11","typisch",374,"Estes_etal_2008"
"661","12","typisch",447,"Estes_etal_2008"
"662","12","typisch",486,"Estes_etal_2008"
"663","12","typisch",442,"Estes_etal_2008"
"664","12","typisch",616,"Estes_etal_2008"
"665","12","typisch",454,"Estes_etal_2008"
"666","12","typisch",590,"Estes_etal_2008"
"667","12","typisch",524,"Estes_etal_2008"
"668","12","typisch",464,"Estes_etal_2008"
"669","12","typisch",423,"Estes_etal_2008"
"670","12","typisch",459,"Estes_etal_2008"
"671","12","typisch",680,"Estes_etal_2008"
"672","12","typisch",500,"Estes_etal_2008"
"673","12","typisch",521,"Estes_etal_2008"
"674","12","typisch",624,"Estes_etal_2008"
"675","12","untypisch",542,"Estes_etal_2008"
"676","12","untypisch",437,"Estes_etal_2008"
"677","12","untypisch",491,"Estes_etal_2008"
"678","12","untypisch",326,"Estes_etal_2008"
"679","12","untypisch",581,"Estes_etal_2008"
"680","12","untypisch",373,"Estes_etal_2008"
"681","12","untypisch",565,"Estes_etal_2008"
"682","12","untypisch",544,"Estes_etal_2008"
"683","12","untypisch",382,"Estes_etal_2008"
"684","12","untypisch",351,"Estes_etal_2008"
"685","12","untypisch",470,"Estes_etal_2008"
"686","12","untypisch",435,"Estes_etal_2008"
"687","12","untypisch",512,"Estes_etal_2008"
"688","12","untypisch",435,"Estes_etal_2008"
"689","12","untypisch",399,"Estes_etal_2008"
"690","12","untypisch",472,"Estes_etal_2008"
"691","12","untypisch",496,"Estes_etal_2008"
"692","12","untypisch",491,"Estes_etal_2008"
"693","12","untypisch",661,"Estes_etal_2008"
"694","12","untypisch",585,"Estes_etal_2008"
"695","12","untypisch",438,"Estes_etal_2008"
"696","12","untypisch",551,"Estes_etal_2008"
"697","12","untypisch",559,"Estes_etal_2008"
"698","12","untypisch",520,"Estes_etal_2008"
"699","12","untypisch",473,"Estes_etal_2008"
"700","12","untypisch",357,"Estes_etal_2008"
"701","12","untypisch",474,"Estes_etal_2008"
"702","12","untypisch",487,"Estes_etal_2008"
"703","12","untypisch",467,"Estes_etal_2008"
"704","12","untypisch",464,"Estes_etal_2008"
"705","12","typisch",542,"Estes_etal_2008"
"706","12","typisch",683,"Estes_etal_2008"
"707","12","typisch",398,"Estes_etal_2008"
"708","12","typisch",604,"Estes_etal_2008"
"709","12","typisch",372,"Estes_etal_2008"
"710","12","typisch",441,"Estes_etal_2008"
"711","12","typisch",784,"Estes_etal_2008"
"712","12","typisch",476,"Estes_etal_2008"
"713","12","typisch",381,"Estes_etal_2008"
"714","12","typisch",439,"Estes_etal_2008"
"715","12","typisch",522,"Estes_etal_2008"
"716","12","typisch",335,"Estes_etal_2008"
"717","12","typisch",365,"Estes_etal_2008"
"718","12","typisch",392,"Estes_etal_2008"
"719","12","typisch",450,"Estes_etal_2008"
"720","12","typisch",376,"Estes_etal_2008"
"721","13","typisch",634,"Estes_etal_2008"
"722","13","typisch",548,"Estes_etal_2008"
"723","13","typisch",432,"Estes_etal_2008"
"724","13","typisch",463,"Estes_etal_2008"
"725","13","typisch",442,"Estes_etal_2008"
"726","13","typisch",513,"Estes_etal_2008"
"727","13","typisch",428,"Estes_etal_2008"
"728","13","typisch",520,"Estes_etal_2008"
"729","13","typisch",485,"Estes_etal_2008"
"730","13","typisch",694,"Estes_etal_2008"
"731","13","typisch",459,"Estes_etal_2008"
"732","13","typisch",526,"Estes_etal_2008"
"733","13","typisch",495,"Estes_etal_2008"
"734","13","typisch",549,"Estes_etal_2008"
"735","13","untypisch",413,"Estes_etal_2008"
"736","13","untypisch",485,"Estes_etal_2008"
"737","13","untypisch",600,"Estes_etal_2008"
"738","13","untypisch",402,"Estes_etal_2008"
"739","13","untypisch",412,"Estes_etal_2008"
"740","13","untypisch",358,"Estes_etal_2008"
"741","13","untypisch",527,"Estes_etal_2008"
"742","13","untypisch",577,"Estes_etal_2008"
"743","13","untypisch",507,"Estes_etal_2008"
"744","13","untypisch",519,"Estes_etal_2008"
"745","13","untypisch",387,"Estes_etal_2008"
"746","13","untypisch",548,"Estes_etal_2008"
"747","13","untypisch",414,"Estes_etal_2008"
"748","13","untypisch",418,"Estes_etal_2008"
"749","13","untypisch",446,"Estes_etal_2008"
"750","13","untypisch",334,"Estes_etal_2008"
"751","13","untypisch",411,"Estes_etal_2008"
"752","13","untypisch",548,"Estes_etal_2008"
"753","13","untypisch",499,"Estes_etal_2008"
"754","13","untypisch",438,"Estes_etal_2008"
"755","13","untypisch",434,"Estes_etal_2008"
"756","13","untypisch",574,"Estes_etal_2008"
"757","13","untypisch",455,"Estes_etal_2008"
"758","13","untypisch",675,"Estes_etal_2008"
"759","13","untypisch",417,"Estes_etal_2008"
"760","13","untypisch",524,"Estes_etal_2008"
"761","13","untypisch",556,"Estes_etal_2008"
"762","13","untypisch",483,"Estes_etal_2008"
"763","13","untypisch",566,"Estes_etal_2008"
"764","13","untypisch",440,"Estes_etal_2008"
"765","13","typisch",459,"Estes_etal_2008"
"766","13","typisch",596,"Estes_etal_2008"
"767","13","typisch",375,"Estes_etal_2008"
"768","13","typisch",525,"Estes_etal_2008"
"769","13","typisch",439,"Estes_etal_2008"
"770","13","typisch",413,"Estes_etal_2008"
"771","13","typisch",374,"Estes_etal_2008"
"772","13","typisch",376,"Estes_etal_2008"
"773","13","typisch",549,"Estes_etal_2008"
"774","13","typisch",476,"Estes_etal_2008"
"775","13","typisch",359,"Estes_etal_2008"
"776","13","typisch",487,"Estes_etal_2008"
"777","13","typisch",419,"Estes_etal_2008"
"778","13","typisch",389,"Estes_etal_2008"
"779","13","typisch",606,"Estes_etal_2008"
"780","13","typisch",401,"Estes_etal_2008"
"781","14","typisch",631,"Estes_etal_2008"
"782","14","typisch",530,"Estes_etal_2008"
"783","14","typisch",504,"Estes_etal_2008"
"784","14","typisch",567,"Estes_etal_2008"
"785","14","typisch",467,"Estes_etal_2008"
"786","14","typisch",417,"Estes_etal_2008"
"787","14","typisch",531,"Estes_etal_2008"
"788","14","typisch",476,"Estes_etal_2008"
"789","14","typisch",469,"Estes_etal_2008"
"790","14","typisch",330,"Estes_etal_2008"
"791","14","typisch",523,"Estes_etal_2008"
"792","14","typisch",380,"Estes_etal_2008"
"793","14","typisch",606,"Estes_etal_2008"
"794","14","typisch",426,"Estes_etal_2008"
"795","14","untypisch",559,"Estes_etal_2008"
"796","14","untypisch",506,"Estes_etal_2008"
"797","14","untypisch",423,"Estes_etal_2008"
"798","14","untypisch",429,"Estes_etal_2008"
"799","14","untypisch",345,"Estes_etal_2008"
"800","14","untypisch",432,"Estes_etal_2008"
"801","14","untypisch",493,"Estes_etal_2008"
"802","14","untypisch",478,"Estes_etal_2008"
"803","14","untypisch",485,"Estes_etal_2008"
"804","14","untypisch",481,"Estes_etal_2008"
"805","14","untypisch",449,"Estes_etal_2008"
"806","14","untypisch",395,"Estes_etal_2008"
"807","14","untypisch",471,"Estes_etal_2008"
"808","14","untypisch",384,"Estes_etal_2008"
"809","14","untypisch",496,"Estes_etal_2008"
"810","14","untypisch",442,"Estes_etal_2008"
"811","14","untypisch",520,"Estes_etal_2008"
"812","14","untypisch",580,"Estes_etal_2008"
"813","14","untypisch",402,"Estes_etal_2008"
"814","14","untypisch",522,"Estes_etal_2008"
"815","14","untypisch",421,"Estes_etal_2008"
"816","14","untypisch",461,"Estes_etal_2008"
"817","14","untypisch",500,"Estes_etal_2008"
"818","14","untypisch",596,"Estes_etal_2008"
"819","14","untypisch",392,"Estes_etal_2008"
"820","14","untypisch",562,"Estes_etal_2008"
"821","14","untypisch",388,"Estes_etal_2008"
"822","14","untypisch",642,"Estes_etal_2008"
"823","14","untypisch",459,"Estes_etal_2008"
"824","14","untypisch",489,"Estes_etal_2008"
"825","14","typisch",390,"Estes_etal_2008"
"826","14","typisch",465,"Estes_etal_2008"
"827","14","typisch",395,"Estes_etal_2008"
"828","14","typisch",440,"Estes_etal_2008"
"829","14","typisch",435,"Estes_etal_2008"
"830","14","typisch",471,"Estes_etal_2008"
"831","14","typisch",433,"Estes_etal_2008"
"832","14","typisch",382,"Estes_etal_2008"
"833","14","typisch",362,"Estes_etal_2008"
"834","14","typisch",431,"Estes_etal_2008"
"835","14","typisch",330,"Estes_etal_2008"
"836","14","typisch",440,"Estes_etal_2008"
"837","14","typisch",358,"Estes_etal_2008"
"838","14","typisch",378,"Estes_etal_2008"
"839","14","typisch",341,"Estes_etal_2008"
"840","14","typisch",578,"Estes_etal_2008"
"841","101","typisch",549,"Estes_etal_2008"
"842","101","typisch",557,"Estes_etal_2008"
"843","101","typisch",595,"Estes_etal_2008"
"844","101","typisch",786,"Estes_etal_2008"
"845","101","typisch",624,"Estes_etal_2008"
"846","101","typisch",577,"Estes_etal_2008"
"847","101","typisch",778,"Estes_etal_2008"
"848","101","typisch",429,"Estes_etal_2008"
"849","101","typisch",581,"Estes_etal_2008"
"850","101","typisch",571,"Estes_etal_2008"
"851","101","typisch",588,"Estes_etal_2008"
"852","101","typisch",586,"Estes_etal_2008"
"853","101","typisch",496,"Estes_etal_2008"
"854","101","typisch",667,"Estes_etal_2008"
"855","101","untypisch",514,"Estes_etal_2008"
"856","101","untypisch",862,"Estes_etal_2008"
"857","101","untypisch",523,"Estes_etal_2008"
"858","101","untypisch",609,"Estes_etal_2008"
"859","101","untypisch",456,"Estes_etal_2008"
"861","101","untypisch",526,"Estes_etal_2008"
"862","101","untypisch",410,"Estes_etal_2008"
"863","101","untypisch",527,"Estes_etal_2008"
"864","101","untypisch",633,"Estes_etal_2008"
"865","101","untypisch",492,"Estes_etal_2008"
"866","101","untypisch",603,"Estes_etal_2008"
"867","101","untypisch",516,"Estes_etal_2008"
"868","101","untypisch",566,"Estes_etal_2008"
"869","101","untypisch",512,"Estes_etal_2008"
"870","101","untypisch",625,"Estes_etal_2008"
"871","101","untypisch",622,"Estes_etal_2008"
"872","101","untypisch",429,"Estes_etal_2008"
"873","101","untypisch",541,"Estes_etal_2008"
"874","101","untypisch",507,"Estes_etal_2008"
"875","101","untypisch",682,"Estes_etal_2008"
"876","101","untypisch",560,"Estes_etal_2008"
"877","101","untypisch",444,"Estes_etal_2008"
"878","101","untypisch",474,"Estes_etal_2008"
"879","101","untypisch",542,"Estes_etal_2008"
"880","101","untypisch",588,"Estes_etal_2008"
"881","101","untypisch",425,"Estes_etal_2008"
"882","101","untypisch",593,"Estes_etal_2008"
"883","101","untypisch",641,"Estes_etal_2008"
"884","101","untypisch",616,"Estes_etal_2008"
"885","101","typisch",601,"Estes_etal_2008"
"886","101","typisch",567,"Estes_etal_2008"
"887","101","typisch",920,"Estes_etal_2008"
"888","101","typisch",447,"Estes_etal_2008"
"889","101","typisch",538,"Estes_etal_2008"
"890","101","typisch",554,"Estes_etal_2008"
"891","101","typisch",595,"Estes_etal_2008"
"892","101","typisch",531,"Estes_etal_2008"
"893","101","typisch",452,"Estes_etal_2008"
"894","101","typisch",594,"Estes_etal_2008"
"895","101","typisch",770,"Estes_etal_2008"
"896","101","typisch",531,"Estes_etal_2008"
"897","101","typisch",698,"Estes_etal_2008"
"898","101","typisch",506,"Estes_etal_2008"
"899","101","typisch",623,"Estes_etal_2008"
"900","101","typisch",839,"Estes_etal_2008"
"901","102","typisch",705,"Estes_etal_2008"
"902","102","typisch",453,"Estes_etal_2008"
"903","102","typisch",486,"Estes_etal_2008"
"904","102","typisch",496,"Estes_etal_2008"
"905","102","typisch",413,"Estes_etal_2008"
"906","102","typisch",447,"Estes_etal_2008"
"907","102","typisch",360,"Estes_etal_2008"
"908","102","typisch",444,"Estes_etal_2008"
"909","102","typisch",465,"Estes_etal_2008"
"910","102","typisch",469,"Estes_etal_2008"
"911","102","typisch",536,"Estes_etal_2008"
"912","102","typisch",419,"Estes_etal_2008"
"913","102","typisch",444,"Estes_etal_2008"
"914","102","typisch",492,"Estes_etal_2008"
"915","102","untypisch",323,"Estes_etal_2008"
"916","102","untypisch",375,"Estes_etal_2008"
"917","102","untypisch",374,"Estes_etal_2008"
"918","102","untypisch",372,"Estes_etal_2008"
"919","102","untypisch",372,"Estes_etal_2008"
"920","102","untypisch",438,"Estes_etal_2008"
"921","102","untypisch",423,"Estes_etal_2008"
"922","102","untypisch",375,"Estes_etal_2008"
"923","102","untypisch",380,"Estes_etal_2008"
"924","102","untypisch",381,"Estes_etal_2008"
"925","102","untypisch",409,"Estes_etal_2008"
"926","102","untypisch",313,"Estes_etal_2008"
"927","102","untypisch",335,"Estes_etal_2008"
"928","102","untypisch",308,"Estes_etal_2008"
"929","102","untypisch",315,"Estes_etal_2008"
"930","102","untypisch",424,"Estes_etal_2008"
"931","102","untypisch",379,"Estes_etal_2008"
"932","102","untypisch",460,"Estes_etal_2008"
"933","102","untypisch",445,"Estes_etal_2008"
"934","102","untypisch",387,"Estes_etal_2008"
"935","102","untypisch",419,"Estes_etal_2008"
"936","102","untypisch",342,"Estes_etal_2008"
"937","102","untypisch",412,"Estes_etal_2008"
"938","102","untypisch",528,"Estes_etal_2008"
"939","102","untypisch",521,"Estes_etal_2008"
"940","102","untypisch",456,"Estes_etal_2008"
"941","102","untypisch",468,"Estes_etal_2008"
"942","102","untypisch",455,"Estes_etal_2008"
"943","102","untypisch",402,"Estes_etal_2008"
"944","102","untypisch",359,"Estes_etal_2008"
"945","102","typisch",425,"Estes_etal_2008"
"946","102","typisch",352,"Estes_etal_2008"
"947","102","typisch",370,"Estes_etal_2008"
"948","102","typisch",334,"Estes_etal_2008"
"949","102","typisch",386,"Estes_etal_2008"
"950","102","typisch",541,"Estes_etal_2008"
"951","102","typisch",389,"Estes_etal_2008"
"952","102","typisch",332,"Estes_etal_2008"
"953","102","typisch",399,"Estes_etal_2008"
"954","102","typisch",444,"Estes_etal_2008"
"955","102","typisch",454,"Estes_etal_2008"
"956","102","typisch",453,"Estes_etal_2008"
"957","102","typisch",376,"Estes_etal_2008"
"958","102","typisch",440,"Estes_etal_2008"
"959","102","typisch",350,"Estes_etal_2008"
"960","102","typisch",437,"Estes_etal_2008"
"961","103","typisch",451,"Estes_etal_2008"
"962","103","typisch",561,"Estes_etal_2008"
"963","103","typisch",417,"Estes_etal_2008"
"964","103","typisch",387,"Estes_etal_2008"
"965","103","typisch",656,"Estes_etal_2008"
"966","103","typisch",393,"Estes_etal_2008"
"967","103","typisch",540,"Estes_etal_2008"
"968","103","typisch",549,"Estes_etal_2008"
"969","103","typisch",400,"Estes_etal_2008"
"970","103","typisch",528,"Estes_etal_2008"
"971","103","typisch",689,"Estes_etal_2008"
"972","103","typisch",578,"Estes_etal_2008"
"973","103","typisch",382,"Estes_etal_2008"
"974","103","typisch",532,"Estes_etal_2008"
"975","103","untypisch",582,"Estes_etal_2008"
"976","103","untypisch",399,"Estes_etal_2008"
"977","103","untypisch",500,"Estes_etal_2008"
"978","103","untypisch",468,"Estes_etal_2008"
"979","103","untypisch",585,"Estes_etal_2008"
"980","103","untypisch",680,"Estes_etal_2008"
"981","103","untypisch",433,"Estes_etal_2008"
"982","103","untypisch",494,"Estes_etal_2008"
"983","103","untypisch",527,"Estes_etal_2008"
"984","103","untypisch",455,"Estes_etal_2008"
"985","103","untypisch",447,"Estes_etal_2008"
"986","103","untypisch",318,"Estes_etal_2008"
"987","103","untypisch",480,"Estes_etal_2008"
"988","103","untypisch",519,"Estes_etal_2008"
"989","103","untypisch",394,"Estes_etal_2008"
"990","103","untypisch",430,"Estes_etal_2008"
"991","103","untypisch",485,"Estes_etal_2008"
"992","103","untypisch",415,"Estes_etal_2008"
"993","103","untypisch",551,"Estes_etal_2008"
"994","103","untypisch",389,"Estes_etal_2008"
"995","103","untypisch",467,"Estes_etal_2008"
"996","103","untypisch",908,"Estes_etal_2008"
"997","103","untypisch",614,"Estes_etal_2008"
"998","103","untypisch",335,"Estes_etal_2008"
"999","103","untypisch",595,"Estes_etal_2008"
"1000","103","untypisch",565,"Estes_etal_2008"
"1001","103","untypisch",380,"Estes_etal_2008"
"1002","103","untypisch",481,"Estes_etal_2008"
"1003","103","untypisch",617,"Estes_etal_2008"
"1004","103","untypisch",458,"Estes_etal_2008"
"1005","103","typisch",354,"Estes_etal_2008"
"1006","103","typisch",501,"Estes_etal_2008"
"1007","103","typisch",514,"Estes_etal_2008"
"1008","103","typisch",467,"Estes_etal_2008"
"1009","103","typisch",497,"Estes_etal_2008"
"1010","103","typisch",610,"Estes_etal_2008"
"1011","103","typisch",490,"Estes_etal_2008"
"1012","103","typisch",421,"Estes_etal_2008"
"1013","103","typisch",434,"Estes_etal_2008"
"1014","103","typisch",397,"Estes_etal_2008"
"1015","103","typisch",463,"Estes_etal_2008"
"1016","103","typisch",494,"Estes_etal_2008"
"1017","103","typisch",449,"Estes_etal_2008"
"1018","103","typisch",446,"Estes_etal_2008"
"1019","103","typisch",484,"Estes_etal_2008"
"1020","103","typisch",387,"Estes_etal_2008"
"1021","104","typisch",486,"Estes_etal_2008"
"1022","104","typisch",547,"Estes_etal_2008"
"1023","104","typisch",543,"Estes_etal_2008"
"1024","104","typisch",580,"Estes_etal_2008"
"1025","104","typisch",544,"Estes_etal_2008"
"1026","104","typisch",474,"Estes_etal_2008"
"1027","104","typisch",584,"Estes_etal_2008"
"1028","104","typisch",644,"Estes_etal_2008"
"1029","104","typisch",570,"Estes_etal_2008"
"1030","104","typisch",582,"Estes_etal_2008"
"1031","104","typisch",503,"Estes_etal_2008"
"1032","104","typisch",582,"Estes_etal_2008"
"1033","104","typisch",638,"Estes_etal_2008"
"1034","104","typisch",453,"Estes_etal_2008"
"1035","104","untypisch",447,"Estes_etal_2008"
"1036","104","untypisch",417,"Estes_etal_2008"
"1037","104","untypisch",673,"Estes_etal_2008"
"1038","104","untypisch",399,"Estes_etal_2008"
"1039","104","untypisch",510,"Estes_etal_2008"
"1040","104","untypisch",342,"Estes_etal_2008"
"1041","104","untypisch",516,"Estes_etal_2008"
"1042","104","untypisch",357,"Estes_etal_2008"
"1043","104","untypisch",525,"Estes_etal_2008"
"1044","104","untypisch",439,"Estes_etal_2008"
"1045","104","untypisch",433,"Estes_etal_2008"
"1046","104","untypisch",484,"Estes_etal_2008"
"1047","104","untypisch",481,"Estes_etal_2008"
"1048","104","untypisch",404,"Estes_etal_2008"
"1049","104","untypisch",513,"Estes_etal_2008"
"1050","104","untypisch",449,"Estes_etal_2008"
"1051","104","untypisch",593,"Estes_etal_2008"
"1052","104","untypisch",424,"Estes_etal_2008"
"1053","104","untypisch",494,"Estes_etal_2008"
"1054","104","untypisch",561,"Estes_etal_2008"
"1055","104","untypisch",534,"Estes_etal_2008"
"1056","104","untypisch",608,"Estes_etal_2008"
"1057","104","untypisch",578,"Estes_etal_2008"
"1058","104","untypisch",531,"Estes_etal_2008"
"1059","104","untypisch",472,"Estes_etal_2008"
"1060","104","untypisch",664,"Estes_etal_2008"
"1061","104","untypisch",430,"Estes_etal_2008"
"1062","104","untypisch",527,"Estes_etal_2008"
"1063","104","untypisch",528,"Estes_etal_2008"
"1064","104","untypisch",461,"Estes_etal_2008"
"1065","104","typisch",437,"Estes_etal_2008"
"1066","104","typisch",513,"Estes_etal_2008"
"1067","104","typisch",477,"Estes_etal_2008"
"1068","104","typisch",501,"Estes_etal_2008"
"1069","104","typisch",463,"Estes_etal_2008"
"1070","104","typisch",386,"Estes_etal_2008"
"1071","104","typisch",491,"Estes_etal_2008"
"1072","104","typisch",616,"Estes_etal_2008"
"1073","104","typisch",472,"Estes_etal_2008"
"1074","104","typisch",493,"Estes_etal_2008"
"1075","104","typisch",419,"Estes_etal_2008"
"1076","104","typisch",422,"Estes_etal_2008"
"1077","104","typisch",479,"Estes_etal_2008"
"1078","104","typisch",381,"Estes_etal_2008"
"1079","104","typisch",377,"Estes_etal_2008"
"1080","104","typisch",543,"Estes_etal_2008"
"1081","110","typisch",862,"Estes_etal_2008"
"1083","110","typisch",573,"Estes_etal_2008"
"1084","110","typisch",537,"Estes_etal_2008"
"1085","110","typisch",627,"Estes_etal_2008"
"1086","110","typisch",416,"Estes_etal_2008"
"1087","110","typisch",549,"Estes_etal_2008"
"1088","110","typisch",642,"Estes_etal_2008"
"1089","110","typisch",664,"Estes_etal_2008"
"1090","110","typisch",393,"Estes_etal_2008"
"1092","110","typisch",368,"Estes_etal_2008"
"1093","110","typisch",584,"Estes_etal_2008"
"1094","110","typisch",493,"Estes_etal_2008"
"1095","110","untypisch",590,"Estes_etal_2008"
"1096","110","untypisch",494,"Estes_etal_2008"
"1097","110","untypisch",554,"Estes_etal_2008"
"1098","110","untypisch",422,"Estes_etal_2008"
"1099","110","untypisch",439,"Estes_etal_2008"
"1100","110","untypisch",495,"Estes_etal_2008"
"1101","110","untypisch",614,"Estes_etal_2008"
"1102","110","untypisch",427,"Estes_etal_2008"
"1103","110","untypisch",498,"Estes_etal_2008"
"1104","110","untypisch",629,"Estes_etal_2008"
"1105","110","untypisch",504,"Estes_etal_2008"
"1106","110","untypisch",404,"Estes_etal_2008"
"1107","110","untypisch",446,"Estes_etal_2008"
"1108","110","untypisch",422,"Estes_etal_2008"
"1109","110","untypisch",495,"Estes_etal_2008"
"1110","110","untypisch",553,"Estes_etal_2008"
"1111","110","untypisch",395,"Estes_etal_2008"
"1112","110","untypisch",596,"Estes_etal_2008"
"1113","110","untypisch",567,"Estes_etal_2008"
"1114","110","untypisch",604,"Estes_etal_2008"
"1115","110","untypisch",649,"Estes_etal_2008"
"1116","110","untypisch",794,"Estes_etal_2008"
"1117","110","untypisch",594,"Estes_etal_2008"
"1118","110","untypisch",545,"Estes_etal_2008"
"1119","110","untypisch",584,"Estes_etal_2008"
"1120","110","untypisch",553,"Estes_etal_2008"
"1121","110","untypisch",478,"Estes_etal_2008"
"1122","110","untypisch",548,"Estes_etal_2008"
"1123","110","untypisch",468,"Estes_etal_2008"
"1124","110","untypisch",500,"Estes_etal_2008"
"1125","110","typisch",751,"Estes_etal_2008"
"1126","110","typisch",483,"Estes_etal_2008"
"1127","110","typisch",434,"Estes_etal_2008"
"1128","110","typisch",513,"Estes_etal_2008"
"1129","110","typisch",420,"Estes_etal_2008"
"1130","110","typisch",355,"Estes_etal_2008"
"1131","110","typisch",532,"Estes_etal_2008"
"1132","110","typisch",529,"Estes_etal_2008"
"1133","110","typisch",470,"Estes_etal_2008"
"1134","110","typisch",658,"Estes_etal_2008"
"1135","110","typisch",373,"Estes_etal_2008"
"1136","110","typisch",484,"Estes_etal_2008"
"1137","110","typisch",493,"Estes_etal_2008"
"1138","110","typisch",366,"Estes_etal_2008"
"1139","110","typisch",426,"Estes_etal_2008"
"1140","110","typisch",379,"Estes_etal_2008"
"1141","111","typisch",670,"Estes_etal_2008"
"1142","111","typisch",505,"Estes_etal_2008"
"1143","111","typisch",615,"Estes_etal_2008"
"1144","111","typisch",596,"Estes_etal_2008"
"1145","111","typisch",582,"Estes_etal_2008"
"1146","111","typisch",592,"Estes_etal_2008"
"1147","111","typisch",555,"Estes_etal_2008"
"1148","111","typisch",534,"Estes_etal_2008"
"1149","111","typisch",607,"Estes_etal_2008"
"1150","111","typisch",530,"Estes_etal_2008"
"1151","111","typisch",576,"Estes_etal_2008"
"1152","111","typisch",651,"Estes_etal_2008"
"1153","111","typisch",539,"Estes_etal_2008"
"1154","111","typisch",682,"Estes_etal_2008"
"1155","111","untypisch",595,"Estes_etal_2008"
"1156","111","untypisch",491,"Estes_etal_2008"
"1157","111","untypisch",490,"Estes_etal_2008"
"1158","111","untypisch",413,"Estes_etal_2008"
"1160","111","untypisch",568,"Estes_etal_2008"
"1161","111","untypisch",460,"Estes_etal_2008"
"1162","111","untypisch",586,"Estes_etal_2008"
"1163","111","untypisch",414,"Estes_etal_2008"
"1164","111","untypisch",529,"Estes_etal_2008"
"1165","111","untypisch",326,"Estes_etal_2008"
"1166","111","untypisch",511,"Estes_etal_2008"
"1167","111","untypisch",511,"Estes_etal_2008"
"1168","111","untypisch",627,"Estes_etal_2008"
"1169","111","untypisch",576,"Estes_etal_2008"
"1170","111","untypisch",417,"Estes_etal_2008"
"1171","111","untypisch",400,"Estes_etal_2008"
"1172","111","untypisch",552,"Estes_etal_2008"
"1173","111","untypisch",414,"Estes_etal_2008"
"1174","111","untypisch",661,"Estes_etal_2008"
"1175","111","untypisch",647,"Estes_etal_2008"
"1176","111","untypisch",567,"Estes_etal_2008"
"1177","111","untypisch",724,"Estes_etal_2008"
"1178","111","untypisch",373,"Estes_etal_2008"
"1179","111","untypisch",511,"Estes_etal_2008"
"1180","111","untypisch",595,"Estes_etal_2008"
"1181","111","untypisch",560,"Estes_etal_2008"
"1182","111","untypisch",545,"Estes_etal_2008"
"1183","111","untypisch",454,"Estes_etal_2008"
"1184","111","untypisch",768,"Estes_etal_2008"
"1185","111","typisch",505,"Estes_etal_2008"
"1186","111","typisch",541,"Estes_etal_2008"
"1187","111","typisch",425,"Estes_etal_2008"
"1188","111","typisch",472,"Estes_etal_2008"
"1189","111","typisch",445,"Estes_etal_2008"
"1190","111","typisch",523,"Estes_etal_2008"
"1191","111","typisch",434,"Estes_etal_2008"
"1192","111","typisch",371,"Estes_etal_2008"
"1193","111","typisch",495,"Estes_etal_2008"
"1194","111","typisch",531,"Estes_etal_2008"
"1195","111","typisch",426,"Estes_etal_2008"
"1196","111","typisch",508,"Estes_etal_2008"
"1197","111","typisch",519,"Estes_etal_2008"
"1198","111","typisch",503,"Estes_etal_2008"
"1199","111","typisch",397,"Estes_etal_2008"
"1200","111","typisch",379,"Estes_etal_2008"
"1201","112","typisch",663,"Estes_etal_2008"
"1202","112","typisch",715,"Estes_etal_2008"
"1203","112","typisch",812,"Estes_etal_2008"
"1204","112","typisch",503,"Estes_etal_2008"
"1205","112","typisch",629,"Estes_etal_2008"
"1206","112","typisch",533,"Estes_etal_2008"
"1207","112","typisch",786,"Estes_etal_2008"
"1208","112","typisch",711,"Estes_etal_2008"
"1209","112","typisch",553,"Estes_etal_2008"
"1210","112","typisch",919,"Estes_etal_2008"
"1211","112","typisch",806,"Estes_etal_2008"
"1212","112","typisch",715,"Estes_etal_2008"
"1213","112","typisch",762,"Estes_etal_2008"
"1214","112","typisch",799,"Estes_etal_2008"
"1215","112","untypisch",969,"Estes_etal_2008"
"1216","112","untypisch",493,"Estes_etal_2008"
"1217","112","untypisch",750,"Estes_etal_2008"
"1218","112","untypisch",695,"Estes_etal_2008"
"1219","112","untypisch",427,"Estes_etal_2008"
"1220","112","untypisch",327,"Estes_etal_2008"
"1221","112","untypisch",680,"Estes_etal_2008"
"1223","112","untypisch",541,"Estes_etal_2008"
"1224","112","untypisch",336,"Estes_etal_2008"
"1225","112","untypisch",526,"Estes_etal_2008"
"1226","112","untypisch",654,"Estes_etal_2008"
"1228","112","untypisch",600,"Estes_etal_2008"
"1230","112","untypisch",765,"Estes_etal_2008"
"1231","112","untypisch",939,"Estes_etal_2008"
"1232","112","untypisch",471,"Estes_etal_2008"
"1233","112","untypisch",984,"Estes_etal_2008"
"1234","112","untypisch",730,"Estes_etal_2008"
"1235","112","untypisch",465,"Estes_etal_2008"
"1236","112","untypisch",548,"Estes_etal_2008"
"1237","112","untypisch",586,"Estes_etal_2008"
"1238","112","untypisch",602,"Estes_etal_2008"
"1239","112","untypisch",704,"Estes_etal_2008"
"1240","112","untypisch",500,"Estes_etal_2008"
"1241","112","untypisch",730,"Estes_etal_2008"
"1243","112","untypisch",806,"Estes_etal_2008"
"1244","112","untypisch",957,"Estes_etal_2008"
"1245","112","typisch",430,"Estes_etal_2008"
"1246","112","typisch",588,"Estes_etal_2008"
"1248","112","typisch",675,"Estes_etal_2008"
"1249","112","typisch",732,"Estes_etal_2008"
"1250","112","typisch",819,"Estes_etal_2008"
"1251","112","typisch",540,"Estes_etal_2008"
"1252","112","typisch",553,"Estes_etal_2008"
"1253","112","typisch",553,"Estes_etal_2008"
"1254","112","typisch",635,"Estes_etal_2008"
"1255","112","typisch",504,"Estes_etal_2008"
"1256","112","typisch",680,"Estes_etal_2008"
"1257","112","typisch",750,"Estes_etal_2008"
"1258","112","typisch",781,"Estes_etal_2008"
"1259","112","typisch",573,"Estes_etal_2008"
"1260","112","typisch",844,"Estes_etal_2008"
"1261","113","typisch",510,"Estes_etal_2008"
"1262","113","typisch",504,"Estes_etal_2008"
"1263","113","typisch",470,"Estes_etal_2008"
"1264","113","typisch",466,"Estes_etal_2008"
"1265","113","typisch",524,"Estes_etal_2008"
"1266","113","typisch",439,"Estes_etal_2008"
"1267","113","typisch",416,"Estes_etal_2008"
"1268","113","typisch",337,"Estes_etal_2008"
"1269","113","typisch",482,"Estes_etal_2008"
"1270","113","typisch",489,"Estes_etal_2008"
"1271","113","typisch",444,"Estes_etal_2008"
"1272","113","typisch",430,"Estes_etal_2008"
"1273","113","typisch",396,"Estes_etal_2008"
"1274","113","typisch",578,"Estes_etal_2008"
"1275","113","untypisch",385,"Estes_etal_2008"
"1276","113","untypisch",430,"Estes_etal_2008"
"1277","113","untypisch",449,"Estes_etal_2008"
"1278","113","untypisch",376,"Estes_etal_2008"
"1279","113","untypisch",387,"Estes_etal_2008"
"1280","113","untypisch",408,"Estes_etal_2008"
"1281","113","untypisch",341,"Estes_etal_2008"
"1282","113","untypisch",360,"Estes_etal_2008"
"1283","113","untypisch",457,"Estes_etal_2008"
"1284","113","untypisch",424,"Estes_etal_2008"
"1285","113","untypisch",359,"Estes_etal_2008"
"1286","113","untypisch",386,"Estes_etal_2008"
"1287","113","untypisch",482,"Estes_etal_2008"
"1288","113","untypisch",452,"Estes_etal_2008"
"1289","113","untypisch",415,"Estes_etal_2008"
"1290","113","untypisch",497,"Estes_etal_2008"
"1291","113","untypisch",432,"Estes_etal_2008"
"1292","113","untypisch",602,"Estes_etal_2008"
"1293","113","untypisch",408,"Estes_etal_2008"
"1294","113","untypisch",466,"Estes_etal_2008"
"1295","113","untypisch",558,"Estes_etal_2008"
"1296","113","untypisch",454,"Estes_etal_2008"
"1297","113","untypisch",467,"Estes_etal_2008"
"1298","113","untypisch",397,"Estes_etal_2008"
"1299","113","untypisch",372,"Estes_etal_2008"
"1300","113","untypisch",439,"Estes_etal_2008"
"1301","113","untypisch",479,"Estes_etal_2008"
"1302","113","untypisch",387,"Estes_etal_2008"
"1303","113","untypisch",408,"Estes_etal_2008"
"1304","113","untypisch",432,"Estes_etal_2008"
"1305","113","typisch",454,"Estes_etal_2008"
"1306","113","typisch",415,"Estes_etal_2008"
"1307","113","typisch",410,"Estes_etal_2008"
"1308","113","typisch",571,"Estes_etal_2008"
"1309","113","typisch",448,"Estes_etal_2008"
"1310","113","typisch",684,"Estes_etal_2008"
"1311","113","typisch",295,"Estes_etal_2008"
"1312","113","typisch",390,"Estes_etal_2008"
"1313","113","typisch",318,"Estes_etal_2008"
"1314","113","typisch",523,"Estes_etal_2008"
"1315","113","typisch",408,"Estes_etal_2008"
"1316","113","typisch",397,"Estes_etal_2008"
"1317","113","typisch",366,"Estes_etal_2008"
"1318","113","typisch",445,"Estes_etal_2008"
"1319","113","typisch",496,"Estes_etal_2008"
"1320","113","typisch",413,"Estes_etal_2008"
